product_id,title,categories,rating,description,price_eur,url,page
1,The Legend of Zelda: Ocarina of Time,Action Adventure; Fantasy,5,"As a young boy, Link is tricked by Ganondorf, the King of the Gerudo Thieves. The evil human uses Link to gain access to the Sacred Realm, where he places his tainted hands on Triforce and transforms the beautiful Hyrulean landscape into a barren wasteland. Link is determined to fix the problems he helped to create, so with the help of Rauru he travels through time gathering the powers of the Seven Sages.",91.99,https://sandbox.oxylabs.io/products/1,1
2,Super Mario Galaxy,Action; Platformer; 3D,5,"[Metacritic's 2007 Wii Game of the Year] The ultimate Nintendo hero is taking the ultimate step ... out into space. Join Mario as he ushers in a new era of video games, defying gravity across all the planets in the galaxy. When some creature escapes into space with Princess Peach, Mario gives chase, exploring bizarre planets all across the galaxy. Mario, Peach and enemies new and old are here. Players run, jump and battle enemies as they explore all the planets in the galaxy. Since this game makes full use of all the features of the Wii Remote, players have to do all kinds of things to succeed: pressing buttons, swinging the Wii Remote and the Nunchuk, and even pointing at and dragging things with the pointer. Since he's in space, Mario can perform mind-bending jumps unlike anything he's done before. He'll also have a wealth of new moves that are all based around tilting, pointing and shaking the Wii Remote. Shake, tilt and point! Mario takes advantage of all the unique aspects of the Wii Remote and Nunchuk controller, unleashing new moves as players shake the controller and even point at and drag items with the pointer. [Nintendo]",91.99,https://sandbox.oxylabs.io/products/2,1
3,Super Mario Galaxy 2,Action; Platformer; 3D,5,"Super Mario Galaxy 2, the sequel to the galaxy-hopping original game, includes the gravity-defying, physics-based exploration from the first game, but is loaded with entirely new galaxies and features to challenge players. On some stages, Mario can pair up with his dinosaur buddy Yoshi and use his tongue to grab items and spit them back at enemies. Players can also have fun with new items such as a drill that lets our hero tunnel through solid rock. [Nintendo]",91.99,https://sandbox.oxylabs.io/products/3,1
4,Metroid Prime,Action; Shooter; First-Person; Sci-Fi,5,"Samus returns in a new mission to unravel the mystery behind the ruined walls scattered across Tallon IV. In Metroid Prime, you'll play the role of this bounty hunter and view the world through her visor, which displays information ranging from current energy levels to ammunition. Equipped with a Power Beam and Gravity Suit, you must shoot locked switches, solve puzzles, and eliminate enemies. It's up to you to explore the world and recover more power-ups and weapons, which gradually open more gameplay areas.",89.99,https://sandbox.oxylabs.io/products/4,1
5,Super Mario Odyssey,Action; Platformer; 3D,5,"New Evolution of Mario Sandbox-Style Gameplay. Mario embarks on a new journey through unknown worlds, running and jumping through huge 3D worlds in the first sandbox-style Mario game since Super Mario 64 and Super Mario Sunshine. Set sail between expansive worlds aboard an airship, and perform all-new actions, such as throwing Mario's cap.",89.99,https://sandbox.oxylabs.io/products/5,1
6,Halo: Combat Evolved,Action; Shooter; First-Person; Sci-Fi,5,"Enter the mysterious world of Halo, an alien planet shaped like a ring. As mankind's super soldier Master Chief, you must uncover the secrets of Halo and fend off the attacking Covenant. During your missions, you'll battle on foot, in vehicles, inside, and outside with alien and human weaponry. Your objectives include attacking enemy outposts, raiding underground labs for advanced technology, rescuing fallen comrades, and sniping enemy forces. Halo also lets you battle three other players via intense split screen combat or fight cooperatively with a friend through the single-player missions.",87.99,https://sandbox.oxylabs.io/products/6,1
7,The House in Fata Morgana - Dreams of the Revenants Edition,Adventure; Visual Novel,5,"A gothic suspense tale set in a cursed mansion. ‘The House in Fata Morgana’ is a full-length visual novel spanning nearly a millennium that deals in tragedy, human nature, and insanity. This version includes three games and more: 1: The House in Fata Morgana: the main storyline. 2: A Requiem for Innocence: a prequel shedding light on the origins of Fata Morgana’s terrible curse. 3: Reincarnation: a sequel featuring the central cast members reincarnated in the present day. *The part including voices 4: Other additional short stories.",83.99,https://sandbox.oxylabs.io/products/7,1
8,NFL 2K1,Sports; Traditional; Football; Sim,5,"In the end, NFL 2K1 is a deeper, more refined version of the original game.",62.99,https://sandbox.oxylabs.io/products/8,1
9,Uncharted 2: Among Thieves,Action Adventure; Modern; Linear,5,"Fortune hunter Nathan Drake returns in Uncharted 2: Among Thieves, a third-person action-adventure/shooter created by award-winning developer Naughty Dog. Down on his luck, Drake is lured back into the treacherous world of thieves and mercenary treasure-seekers he had sought to leave behind. When a mysterious artifact propels Drake on an expedition to find the legendary Himalayan valley of Shambhala, he finds himself embroiled in a dangerous game of cat-and-mouse against a fugitive war criminal who’s after more than just the fabled riches of the lost city. Caught in a web of deception and plunged into an increasingly deadly pursuit that tests the limits of his endurance, Drake will be forced to risk everything - but has his luck finally run out? [SCEA]",88.99,https://sandbox.oxylabs.io/products/9,1
10,Tekken 3,Action; Fighting; 3D,5,"An ancient evil force has reawakened, attacking in secret and feeding on the souls of mighty warriors. To lure it out of hiding will take the greatest fighting contest the world has ever seen...Tekken 3. Some are fighting for revenge, some for honor, Ultimately, all are fighting for their lives and the fate of all mankind.",91.99,https://sandbox.oxylabs.io/products/10,1
11,The Legend of Zelda: The Wind Waker,Action Adventure; Fantasy,5,"In this ninth entry in the Legend of Zelda series, Link debuts on GameCube with a fun new cel-shaded look, but the game stays true to the respected heritage of the series. The classic mix of sword-swinging action, perplexing puzzles and stirring story lines remains intact, but the stunning cel-shaded graphics give the people and places of Link's watery world a wildly artistic new look. And for the very first time, Link sails freely on the high seas. Join Link on his most epic and scenic adventure yet. Face unimaginable monsters, explore puzzling dungeons, and meet a cast of unforgettable characters as he searches for his kidnapped sister, Aryll.",90.99,https://sandbox.oxylabs.io/products/11,1
12,Gran Turismo,Driving; Racing; GT / Street,5,"Welcome to the most advanced racing game ever created! Encounter exhilarating high-speed racing in 11 stunning environments. Feel handling agility and throttle response so convincing, the car seems to be an extension of yourself. Experience the extraordinary world of Gran Turismo!",86.99,https://sandbox.oxylabs.io/products/12,1
13,Metal Gear Solid 2: Sons of Liberty,Action Adventure; Modern,5,"Since the incident on Shadow Moses Island, Metal Gear's top-secret technology has been leaked into the black market through the machinations of Revolver Ocelot. As a result, countless variations of Metal Gears have sprung up in every corner of the globe, making the weapon an increasingly common component of the armed forces of nuclear powers. In the midst of all of this, Solid Snake, now a member of the anti-Metal Gear group ""Philanthropy,"" has learned that a new prototype Metal Gear has been developed by the U.S. Marines and is being transported in secret to an unknown destination. To learn more about this new machine, Snake must infiltrate the transport, disguised as a tanker, as it makes its way down the Hudson River. Just as Snake is about to begin his mission, however, the ship is seized by a mysterious and well-armed group bent on stealing the new Metal Gear for their own, nefarious purposes. [Konami]",88.99,https://sandbox.oxylabs.io/products/13,1
14,Grand Theft Auto Double Pack,Miscellaneous; Compilation,5,"From the dark and seedy streets of Liberty City's underworld to the glamorous hedonism of Vice City of the 1980s, the Grand Theft Auto double-pack takes you through the huge worlds of Grand Theft Auto III and it's sequel Vice City. The highly controversial Grand Theft Auto III gives you the freedom to go anywhere and jack anyone, putting the dark, intriguing and ruthless world of crime at your fingertips. Vice City is an entirely new game set in the '80s, preserving and adding to the free-roaming gameplay, cinematic graphics and immersive audio experience that made the Grand Theft Auto III so popular.",81.99,https://sandbox.oxylabs.io/products/14,1
15,Baldur's Gate II: Shadows of Amn,Role-Playing; PC-style RPG; Western-Style,5,"An epic continuation of the story that began in ""Baldur's Gate,"" this RPG is set along the southern portion of the Sword Coast, a detailed and rich area of the Forgotten Realms called Amn. It features 300 spells and 130-plus monster types compared to only 130 spells and 60 monster types in Baldur's Gate. [Interplay]",91.99,https://sandbox.oxylabs.io/products/15,1
16,Tetris Effect: Connected,Puzzle; Stacking,5,"Tetris Effect: Connected is the original Tetris Effect with all-new co-op and competitive online and local multiplayer modes. This is Tetris like you've never seen it, or heard it, or felt it beforean incredibly addictive, unique and breathtakingly gorgeous reinvention of one of the most popular puzzle games of all time.",88.99,https://sandbox.oxylabs.io/products/16,1
17,The Legend of Zelda Collector's Edition,Action Adventure; Fantasy,5,"Receive Four Complete Classic Zelda games all on one disc when you buy the Zelda GameCube Bundle: The Legend of Zelda, Zelda II - The adventure of Link, The Legend of Zelda: Ocarina of Time, The Legend of Zelda: Majora's Mask. The disc also includes: Playable Demo of the Legend of Zelda: The Wind Waker, Zelda Retrospective Movie, The Legend of Zelda: The Wind Waker Movie Preview.",89.99,https://sandbox.oxylabs.io/products/17,1
18,Gran Turismo 3: A-Spec,Driving; Racing; GT / Street,5,"With the addition of two new courses (a downtown Tokyo circuit and the Monte Carlo Grand Prix course), an impressive range of cars (from Vipers to Cooper Minis), and a soundtrack featuring everything from Lenny Kravitz to Jimi Hendrix, this highly anticipated title is finally ready to be driven.",84.99,https://sandbox.oxylabs.io/products/18,1
19,The Legend of Zelda: A Link to the Past,Action Adventure; Fantasy,5,"Now you have a link to one of the greatest adventures in The Legend of Zelda series. The Legend of Zelda: A Link to the Past revives the classic SNES game on the Game Boy Advance and adds a new multiplayer mode. In a Link to the Past, Link travels between the light world and the dark world, conquering fierce monsters and uncovering Hyrule's deepest secrets along the way. Also included is Four Swords, which lets you play with up to three other players, slashing through dungeons and collecting rupees. Whether you choose solo or competitive play, The Legend of Zelda will keep you occupied with its brain-bending puzzles and fun swashbuckling action.",90.99,https://sandbox.oxylabs.io/products/19,1
20,The Legend of Zelda: Majora's Mask,Action Adventure; Fantasy,5,"Thrown into a parallel world by the mischievous actions of a possessed Skull Kid, Link finds a land in grave danger. The dark power of a relic called Majora's Mask has wreaked havoc on the citizens of Termina, but their most urgent problem is a suicidal moon crashing toward the world. Link has only 72 hours to find a way to stop its descent.",91.99,https://sandbox.oxylabs.io/products/20,1
21,The Last of Us,Modern; Adventure; General; Action Adventure,5,"Twenty years after a pandemic radically transformed known civilization, infected humans run amuck and survivors kill one another for sustenance and weapons - literally whatever they can get their hands on. Joel, a salty survivor, is hired to smuggle a fourteen-year-old girl, Ellie, out of a rough military quarantine, but what begins as a simple job quickly turns into a brutal journey across the country.",92.99,https://sandbox.oxylabs.io/products/21,1
22,Persona 5 Royal,Role-Playing; Japanese-Style,5,"Prepare for an all-new RPG experience in Persona 5 Royal based in the universe of the award-winning series, Persona! Don the mask of Joker and join the Phantom Thieves of Hearts. Break free from the chains of modern society and stage grand heists to infiltrate the minds of the corrupt and make them change their ways! Persona 5 Royal is packed with new characters, confidants, story depth, new locations to explore, and a new grappling hook mechanic for stealthy access to new areas. With a new semester at Shujin Academy, get ready to strengthen your abilities in the metaverse and in your daily life. Persona 5 Royal presents a unique visual style and award nominated composer Shoji Meguro returns with an all-new soundtrack. Explore Tokyo, unlock new Personas, customize your own personal Thieves Den, discover a never-before-seen story arc, cutscenes, alternate endings, and more! Even for the most seasoned Phantom Thieves among us, Persona 5 Royal is a new challenge to defy conventions, discover the power within, and fight for justice. Wear the mask. Reveal your truth.",84.99,https://sandbox.oxylabs.io/products/22,1
23,The Last of Us Remastered,Action Adventure; General; Modern,5,"The Last of Us has been rebuilt for the PlayStation4 system. Now featuring full 1080p, higher resolution character models, improved shadows and lighting, in addition to several other gameplay improvements. 20 years after a pandemic has radically changed known civilization, infected humans run wild and survivors are killing each other for food, weapons; whatever they can get their hands on. Joel, a violent survivor, is hired to smuggle a 14 year-old girl, Ellie, out of an oppressive military quarantine zone, but what starts as a small job soon transforms into a brutal journey across the U.S. The Last of Us Remastered includes the Abandoned Territories Map Pack, Reclaimed Territories Map Pack, and the critically acclaimed The Last of Us: Left Behind Single Player campaign that combines themes of survival, loyalty, and love with tense, survival-action gameplay. Remastered Features: -Explore a brutal post-pandemic world, fully realized with the power of PlayStation4 system -Includes additional game content: over $30 in value -Delve into Ellies past in Left Behind, the single-player prequel chapter -Eight new multiplayer maps in the Abandoned and Reclaimed Territories packs -In-game cinematic commentary from the cast and creative director",92.99,https://sandbox.oxylabs.io/products/23,1
24,The Legend of Zelda: Ocarina of Time 3D,Miscellaneous; Fantasy; Compilation; Action Adventure; Open-World,4,"The Legend of Zelda: Ocarina of Time 3D takes the best-reviewed game of all time for a brand-new experience. Now in 3D all of the graphic textures and colors have been vastly improved, taking advantage of the considerable graphic power of the Nintendo 3DS system. This game tells the epic story of Hyrule and Link™, Zelda™, and Ganondorf in remarkable depth and gives context to the many tales of their struggles. As such, this title represents a perfect entry point for players new to the Zelda franchise. Phenomenally Improved Graphics Beyond even the incredible 3D effect, every graphic texture and character model has been lovingly built from the ground up to create the most dynamic and vivid vision of Zelda’s kingdom yet. This is Hyrule as you’ve always imagined it. Playing the Ocarina Link needs to play the eponymous Ocarina of Time many, many times over the course of the game. This involves a specific series of button presses to play one of the twelve songs in the game. In the original title, you would need to assign the ocarina to an item slot, then likely review the button prompts to your song, then play them from memory. The Nintendo 3DS version has the ocarina constantly available on the Touch Screen, and playing with the button prompts for each song right in front of you. Enhanced Game play While the greatest care has been taken to preserve the classic game play and story, a number of new features make this the definitive version of this extraordinary game.",90.99,https://sandbox.oxylabs.io/products/24,1
25,Chrono Cross,Role-Playing; Console-style RPG,4,"Featuring a storyline developed by the creator of Chrono Trigger and Xenogears, Chrono Cross has been christened the ""Best RPG Creation"" by its development team. With multiple scenarios cast along a single story thread, and many different endings, each replay can result in an entirely new adventure. In addition, a brand new battle system makes combat smooth and innovative by introducing an element field system and combo system that gives the player unparalleled flexibility in their fighting options. The elimination of random battles also quickens the pace of the game, and places the choice of where to battle in the player's hands. With character designs by a famed Japanese illustrator and music by the original Chrono Trigger composer, Chrono Cross features visuals and sounds that bring its magic to life.",88.99,https://sandbox.oxylabs.io/products/25,1
26,Gears of War,Action; Shooter; Third-Person; Sci-Fi; Arcade,4,"Gears of War blends tactical action with survival horror and thrusts gamers into a deep and harrowing story of humankind's epic battle for survival against the Locust Horde, a nightmarish race of creatures that surface from the bowels of the planet. Lead war hero Marcus Fenix and his fire team as they face the onslaught of merciless warrior fiends. A revolutionary tactical combat system and breathtaking, high-definition visuals from the Unreal Engine 3 immerse you in a horrifying story of war and survival. A.I. teammates are indiscernable from human players. Voice recognition and real-time lip synching heighten the experience. The battlefield is a lethal place. To survive, suppress your enemy with blindfire, take cover in interactive environments, or use weapons and teammates to outwit your foes. [Microsoft]",84.99,https://sandbox.oxylabs.io/products/26,1
27,Sid Meier's Civilization II,Strategy; Turn-Based; Historic; General; 4X,4,"An empire-building turn-based strategy game. The game starts at the Old Stone Age in 4000 BC. Your tribe begins with a Settlers unit and has no knowledge about the surrounding area. As you found new cities and explore the surroundings, you may find hostile barbarians, villages, and other competing cultures. [Civ Fantatics' Center]",88.99,https://sandbox.oxylabs.io/products/27,1
28,Halo 3,Action; Shooter; First-Person; Sci-Fi; Arcade,4,"Halo 3 is the third game in the Halo Trilogy and provides the thrilling conclusion to the events begun in ""Halo: Combat Evolved."" Halo 3 picks up where ""Halo 2"" left off. The Master Chief is returning to Earth to finish the fight. The Covenant occupation of Earth has uncovered a massive and ancient object beneath the African sands - an object who's secrets have yet to be revealed. Earth's forces are battered and beaten. The Master Chief's AI companion Cortana is still trapped in the clutches of the Gravemind - a horrifying Flood intelligence, and a civil war is raging in the heart of the Covenant. This is how the world ends... [Bungie]",81.99,https://sandbox.oxylabs.io/products/28,1
29,Ninja Gaiden Black,Action Adventure; Fantasy,4,"In Ninja Gaiden Black you can reprise the role of Ryu Hayabusa, ninja extraordinaire. This sequel to Ninja Gaiden supplies a new story and new missions, plus two more difficulty settings and cinematic cut scenes that provide background about the protagonist. Ninja Gaiden Black also incorporates the additional content from Hurricane Packs 1 and 2 and includes unlockable content such as the original arcade version of Ninja Gaiden. Ninja Gaiden Black includes online features for keeping track of karma points on the online leader board.",88.99,https://sandbox.oxylabs.io/products/29,1
30,Super Mario Advance 4: Super Mario Bros. 3,Action; Platformer; 2D,4,"A combination of exciting platforming action, wild power-ups, and charming Mario style has made Super Mario Bros. 3 a classic. With Super Mario Advance 4: Super Mario Bros. 3, you have your chance to partake in the special adventure anywhere you go on your Game Boy Advance. Your mission is to rescue the Mushroom Kingdom monarchs who have been transformed into animals by Bowser and his mischievous offspring, and in the process save the princess kidnapped by Bowser. Traverse eight huge worlds and encounter fun minigames and frantic boss battles as you explore the first Mario game to use an overworld map.",89.99,https://sandbox.oxylabs.io/products/30,1
31,Jet Grind Radio,Action; Platformer; 3D,4,"Join a graffiti crew, stamp your territory and protect it from rival taggers, but watch out for the angry cops!",83.99,https://sandbox.oxylabs.io/products/31,1
32,Grim Fandango,Adventure; General; 3D; Third-Person; Fantasy,4,"Something's rotten in the Land of Dead and you're being played for a sucker. Meet Manny Calavera, travel agent at the Department of Death. He sells luxury packages to souls on their four-year journey to eternal rest. But there's trouble in paradise. Help Manny untangle himself from a conspiracy that threatens his very salvation. [LucasArts]",91.99,https://sandbox.oxylabs.io/products/32,1
33,Resident Evil Code: Veronica,Action Adventure; Survival,4,"Resident Evil Code: Veronica takes up the story of Claire Redfield, a character from Resident Evil 2. In that game she was searching for her brother Chris (a missing S.T.A.R.S. member) and in Resident Evil Code: Veronica we follow her to Europe where she continues her search at Umbrella headquarters.",85.99,https://sandbox.oxylabs.io/products/33,2
34,Diablo,Role-Playing; Action RPG,4,"The kingdom of Khandaras has fallen into chaos. An unknown force of evil has swept across the land. Plunging it nto civil war and terrorizing the populace. A mad king, his missing son, and a mysterious archbishop are all pieces to the puzzle that faces you. You have journeyed to the source of the evil. The town of Tristram. Now inhabited by only a handful of survivors. The catherdal there is buildt over the ruins of an ancient monastary, and now eerie lights and sounds are heard echoing through its abandoned halls. Perhaps the answer lies withing the remains of a forgotten past... Diablo invites you to enter a world of dark gothic fantasy. Play as a brave warrior, cunning rogue or mysterious sorceror. As you venture deeper into the labyrinth, you'll discover weapons, armor, and magical treasures, and develop your character's skills and abilities. [Blizzard]",87.99,https://sandbox.oxylabs.io/products/34,2
35,Metal Gear Solid 3: Subsistence,Action Adventure; Modern,4,"Metal Gear goes online for the first time in Metal Gear Solid 3 Subsistence! Players can battle or team up with up to 7 other friends for online dominance. Featuring different gameplay modes, new camera system, and robust online play, Subsistence is the game that gives players a brand new Metal Gear experience. Includes MGS3 Snake Eater and all new Online Modes, including Death Match, Team Death Match, Sneaking Mission, Capture Mission, and Rescue Mission. Third Person Camera system gives players more control. Bonus Metal Gear and Metal Gear 2 Solid Snake games which have never been released before in the North America. Demo Theater, Duel Mode, and new stages for Snake vs. Monkey mini-game. [Konami]",91.99,https://sandbox.oxylabs.io/products/35,2
36,Metal Gear Solid 4: Guns of the Patriots,Action Adventure; Modern; General,4,"Metal Gear Solid 4: Guns of the Patriots features an aging and exhausted Solid Snake in the middle of a futuristic battlefield. In spite of his failing body, Snake is equipped with a crucial new device tentatively known as ""OctoCamo,"" a high-tech suit that dynamically transforms its texture based on Snake's surroundings. This revolutionary new gameplay mechanic allows him to seamlessly blend into the environment, providing him with the means to stalk his enemies like never before. This latest chapter in Hideo Kojima's legendary tactical espionage actin series marks the return of several characters from previous Metal Gear Solid games including Revolver Ocelot, Meryl Silverburgh, Naomi Hunter and Raiden, and features an unforgettable story that depicts the desperate state of the future as seen through the eyes of an older Solid Snake. [Konami]",88.99,https://sandbox.oxylabs.io/products/36,2
37,Sid Meier's Civilization IV,Strategy; Turn-Based; Historic; 4X,4,"Faster-Paced Fun - Gameplay has been streamlined for a tighter, faster, and more compelling experience.Greater Accessibility and Ease of Play - An easy-to-use interface will be immediately familiar to RTS and action game players, and newcomers to the series will be able to jump in and play. Tech Tree - Flexible Tech tree allows players more strategic choices for developing their civilizations along unique paths. More Civs, Units, and Improvements to enhance and grow your empire. Multiplayer -LAN, Internet, PBEM, and Persistent Turn-Based Server (PTBS) offer players all-new strategies and ways to play when competing or cooperating with live opponents. Team Play - Whether playing multiplayer or single player, team play offers a new way of setting locked alliances that result in shared wonder effects, visibility, unit trading, and shared territory that delivers a plethora of new strategic and tactical options. Civ IV comes to life! - Beautiful 3D world with dozens of fully animated units (including culturally unique units), and totally customizable armies. Cities and wonders will appear on the map. Wonder movies are back! [2K Games]",82.99,https://sandbox.oxylabs.io/products/37,2
38,Virtua Fighter 4,Action; Fighting; 3D,4,"Two new characters (Lei Fei and Vanessa Lewis) join 11 VF veterans, each with their own unique styles based on real martial arts. New counters and defensive moves allow players to switch up their stances and fighting styles mid-bout. Train a computer-controlled character through sparring and an easy-to-use rewards system, then pit your character against a friend's or challenge the arcade mode. [Sega]",81.99,https://sandbox.oxylabs.io/products/38,2
39,Super Mario 64,Action; Platformer; 3D,4,"Mario is super in a whole new way! Combining the finest 3-D graphics ever developed for a video game and an explosive sound track, Super Mario 64 becomes a new standard for video games. It's packed with bruising battles, daunting obstacle courses and underwater adventures. Retrieve the Power Stars from their hidden locations and confront your arch nemesis - Bowser, King of the Koopas!",91.99,https://sandbox.oxylabs.io/products/39,2
40,Super Smash Bros. Brawl,Action; Fighting; 3D; 2D,4,"[Metacritic's 2008 Wii Game of the Year] Super Smash Bros. Brawl is the next installment in the Smash Bros. series for the company's Wii console. Among the new characters playable in the game are Meta Knight, the sword-wielding nemesis of Kirby; Pit, the angelic archer from Kid Icarus; Zero Suit Samus, the powerful Metroid series heroine minus her versatile armor; and Wario, who demonstrates a noxious attack of gastronomic proportions. Also Snake, the gritty soldier from Konami's hugely popular Metal Gear series. [Nintendo]",88.99,https://sandbox.oxylabs.io/products/40,2
41,Company of Heroes,Strategy; Real-Time; Historic; General,4,"A real-time strategy game set in World War II, Company of Heroes brings to life, in full cinematic detail, the greatest war mankind has ever known. Company of Heroes is built on Relic's next-generation Essence Engine and also utilizes the Havok Physics engine, delivering cinematic visual detail in a world completely driven by realistic physics. Gamers will experience the journey of the brave men of Able Company in a deep single-player campaign that begins with the invasion of Normandy through their fight across Europe, all set against the most dynamic battlefield ever seen in a game. Company of Heroes' completely destructable environment means no two battles ever play out in the same way. Advanced squad AI delivers startling new realism and responsiveness, bringing soldiers to life as they interact with the environment and execute advanced squad tactics to eliminate the opposition forces. [THQ]",87.99,https://sandbox.oxylabs.io/products/41,2
42,Gran Turismo 2,Driving; Racing; GT / Street,4,The world's most advanced racing game returns with thunderous new features.,90.99,https://sandbox.oxylabs.io/products/42,2
43,The Last of Us Part II,General; Action Adventure; Survival,4,"Five years after their dangerous journey across the post-pandemic United States, Ellie and Joel have settled down in Jackson, Wyoming. Living amongst a thriving community of survivors has allowed them peace and stability, despite the constant threat of the infected and other, more desperate survivors. When a violent event disrupts that peace, Ellie embarks on a relentless journey to carry out justice and find closure. As she hunts those responsible one by one, she is confronted with the devastating physical and emotional repercussions of her actions.",57.99,https://sandbox.oxylabs.io/products/43,2
44,Half-Life: Alyx,Action; First-Person; Shooter; Arcade,4,"Half-Life: Alyx is Valve's VR return to the Half-Life series. It's the story of an impossible fight against a vicious alien race known as the Combine, set between the events of Half-Life and Half-Life 2. Playing as Alyx Vance, you are humanity's only chance for survival. The Combine's control of the planet since the Black Mesa incident has only strengthened as they corral the remaining population in cities. Among them are some of Earth's greatest scientists: you and your father, Dr. Eli Vance. As founders of a fledgling resistance, you've continued your clandestine scientific activityperforming critical research, and building invaluable tools for the few humans brave enough to defy the Combine. Every day, you learn more about your enemy, and every day you work toward finding a weakness. ABOUT GAMEPLAY IN VR: Valve's return to the Half-Life universe that started it all was built from the ground up for virtual reality. VR was built to enable the gameplay that sits at the heart of Half-Life. Immerse yourself in deep environmental interactions, puzzle solving, world exploration, and visceral combat. Lean to aim around a broken wall and under a Barnacle to make an impossible shot. Rummage through shelves to find a healing syringe and some shotgun shells. Manipulate tools to hack alien interfaces. Toss a bottle through a window to distract an enemy. Rip a Headcrab off your face and throw it at a Combine soldier. Extra content for Index owners Customers who have purchased Valve Index hardware by the end of 2019 will have access to unique bonuses starting early next year: * Explore environments from Half-Life: Alyx in your SteamVR Home space * Alternate gun skins to embellish Alyx's arsenal * Special Half-Life: Alyx-themed content for Counter-Strike: Global Offensive and Dota 2 Community-built environments * A set of Source 2 tools for building new environments will ship with the game, enabling any player to build and contribute new environments for the community to enjoy. Hammer, Valve's level authoring tool, has been updated with all of the game's virtual reality gameplay tools and components.",92.99,https://sandbox.oxylabs.io/products/44,2
45,Divinity: Original Sin II,Action RPG; Role-Playing; Western-Style,4,"Master deep, tactical combat. Join up to 3 other players - but know that only one of you will have the chance to become a God.",88.99,https://sandbox.oxylabs.io/products/45,2
46,Unreal Tournament 2004,Action; Shooter; First-Person; Sci-Fi; Arcade,4,"Reload, rev up and ride out. The new Tournament is faster, higher and meaner. Land and air based vehicles take combat to a new level; while an arsenal of new weaponry, daunting arenas and battlefields and the challenge of the Assault and Onslaught modes make the gladiator blood sport of the future a brand new experience. Buckle up; it?s gonna be one hell of a ride! [Atari]",88.99,https://sandbox.oxylabs.io/products/46,2
47,God of War II,Action Adventure; Fantasy,4,"[Metacritic's 2007 PS2 Game of the Year] God of War saw Kratos, a mortal warrior, set upon an epic quest to dethrone a God. But his journey did not end there. In God of War II, Kratos sits atop his Olympus throne, as the new God of War – far more ruthless than Ares ever was. To end his continued torment, Kratos must journey to the far reaches of the earth and defeat untold horrors and alter that which no mortal, or god has ever changed, his fate. God of War II sets an epic stage for a devastating mythological war to end all wars. In God of War II, players retake the role of Kratos. Armed with the deadly blades and blistering rage, players are aided by new breath-taking magic and new brutal combat moves. The journey takes them through vividly striking environments where they are faced with a labyrinth of challenging puzzles and mini-games intricately woven into the story. The violent world of Greek mythology comes to life in gory detail as Kratos encounters new mythical characters, and compete in epic boss battles in his quest. [SCEA]",90.99,https://sandbox.oxylabs.io/products/47,2
48,Super Mario 3D World,Platformer; 3D; Action,4,"Work together with your friends or compete for the crown in the first multiplayer 3D Mario game for the Wii U console. In the Super Mario 3D World game, players can choose to play as Mario, Luigi, Princess Peach or Toad.",89.99,https://sandbox.oxylabs.io/products/48,2
49,Starcraft II: Wings of Liberty,Strategy; Real-Time; Sci-Fi; Command,4,"StarCraft II continues the epic saga of the Protoss, Terran, and Zerg. These three distinct and powerful races clash once again in the fast-paced real-time strategy sequel to the legendary original, StarCraft. Legions of veteran, upgraded, and brand-new unit types do battle across the galaxy, as each faction struggles for survival. Featuring a unique single-player campaign that picks up where StarCraft: Brood War left off, StarCraft II presents a cast of new heroes and familiar faces in an edgy sci-fi story filled with adventure and intrigue. In addition, Blizzard again offers unparalleled online play through Battle.net, the company's world-renowned gaming service, with several enhancements and new features to make StarCraft II the ultimate competitive real-time strategy game. Features fast-paced, hard-hitting, tightly balanced competitive real-time strategy gameplay that recaptures and improves on the magic of the original game. New units and gameplay mechanics further distinguish each race. Vibrant new 3D-graphics engine with support for dazzling visual effects and massive unit and army sizes. Full map-making and scripting tools to give players incredible freedom in customizing and personalizing their gameplay experience. [Blizzard]",83.99,https://sandbox.oxylabs.io/products/49,2
50,Minecraft,Action Adventure; Adventure; 3D; Sandbox; First-Person; Fantasy,4,"The game involves players creating and destroying various types of blocks in a three dimensional environment. The player takes an avatar that can destroy or create blocks, forming fantastic structures, creations and artwork across the various multiplayer servers in multiple game modes.",80.99,https://sandbox.oxylabs.io/products/50,2
51,Persona 4 Golden,Role-Playing; Console-style RPG; Japanese-Style,4,Persona 4: The Golden is a remastered version of PS2 classic Shin Megami Tensei: Persona 4.,86.99,https://sandbox.oxylabs.io/products/51,2
52,Persona 5,Role-Playing; Japanese-Style,4,"Beneath the veneer of typical urban high school life, a group of teenagers mask their mysterious alter egos, their ""phantom thief"" side. Who are they? Why are they dressed as such? What are their motives? And... why are they being pursued? A picaresque coming-of-age story, Persona 5 brings a new twist to the RPG genre. Assume the role of a second-year high school student who becomes a Persona-user through an unexpected incident. Having moved to Tokyo just before the start of the school year, he finds residence at a cafe run by his parents' friend, and is about to get his first taste of school life in the big city. The protagonist seems quiet and well-mannered at first glance, but gives a completely different impression once he has donned his ""phantom thief"" guise. What is the motivation of his alter ego...? Arsene is the protagonist's initial Persona, characterized by a mask-like face and a pair of huge, black wings. Some suspect an association between its name and the famous gentleman-thief, Arsene Lupin. What is the origin of this Persona, and what power does it hold? This is an account of the wild adventures experienced by a team of young misfits, who grow dramatically along the way. While attending Shujin High School, the protagonist will encounter a number of individuals, each with his or her own distinctive personality and charm. School life in the city is full of surprises and interesting events! It will most definitely be a fun year for the protagonist, living as an ordinary student. However, he and his friends become involved in an incident which leads to the awakening of their Personas. No one would ever suspect that these adolescents will eventually shake the world... Welcome to the next iteration of the Persona series, boasting a brand new metropolitan setting, all-new cast, and fresh, original story. [Atlus]",87.99,https://sandbox.oxylabs.io/products/52,2
53,Quake III Arena,Action; Shooter; First-Person; Sci-Fi,4,"Prepare to abandon every ounce of common sence and any trace of doubt as you're engulfed by an online multiplayer frnezy throughout cyberspace! Delve into lands of eerie uncertainty and fatal hazards drawing you into the depths of dispair, as legions of foes surround you. Challenging the gut reaction that transported you here in the first place. Immerse yourself within.",83.99,https://sandbox.oxylabs.io/products/53,2
54,Homeworld,Strategy; Real-Time; Sci-Fi; General; Command,4,"Deported to a harsh desert world, exiles have struggled for three thousand years to regain the stars. Now it's up to you to guide them home through a brutal empire bent on annihilation. Homeworld boasts amazing ship graphics and gorgeous deep-space vistas, a unique command and navigation interface and white-knuckle real-time strategy. [Sierra]",88.99,https://sandbox.oxylabs.io/products/54,2
55,Gears of War 2,Action; Shooter; Third-Person; Sci-Fi; Arcade,4,"Gears of War 2 builds upon the gameplay of the first title in every way. First, the scope of the action is bigger: new characters, more weapons, nastier enemies, bigger vehicles, and grander locales offer more action, more emotion, and more thrills. Next, every major aspect of the game has been refined to create heightened, more immersive experiences. Finally, the overall tone of Gears of War 2 is more badass: replete with new weapon-specific executions, chainsaw duels, and shocking boss fights. Gears of War 2 raises the graphics bar for next-generation games through its breathtaking visual effects, which are made possible through advances in Unreal Engine 3. New visual effects include ambient occlusion, dynamic shadows, improved character lighting, the ability to render hundreds of on-screen characters simultaneously, improved water physics, additional blood and bullet decals, advanced destructible environments, new weather effects, and the introduction of fluid objects. When combined with the sweeping vistas and evocative locales in the world of Sera where the Gears of War 2 story unfolds, these additions help make this the most gorgeous game available this generation. Gears of War 2 continues to push deep, immersive storytelling in video games to greater heights. Humanity's epic battle for survival is felt on both the personal and epic levels as you explore multiple story arcs that introduce new characters and flesh out the histories of familiar ones. A new in-game conversational camera system also helps bring the compelling story to life in a cinematic fashion. [Microsoft]",79.99,https://sandbox.oxylabs.io/products/55,2
56,World Soccer Winning Eleven 6 International,Sports; Traditional; Soccer; Sim,4,"North America, the wait is over. Experience the most realistic virtual recreation of the sport to date. Life-like player models, staggeringly realistic animations, and renowned gameplay bring a soccer experience that can't be beat. This critically acclaimed title is the must have soccer game of the year. Find out what you've been missing. Create your own dream team in the Master League. [Konami]",84.99,https://sandbox.oxylabs.io/products/56,2
57,Skies of Arcadia,Role-Playing; Console-style RPG,4,"The age of exploration has dawned and you are about to embark on a magical journey, a voyage of discovery across the vast Skies of Arcadia in search of treasures untold, and where there is treasure, there will be Air Pirates! With over six vast lands to navigate, magnificent ships to fly and customize, a host of weapons and magical spells to be discovered and unique Internet functions to aid your quest, Skies of Arcadia is the most immense gaming experience ever created.",88.99,https://sandbox.oxylabs.io/products/57,2
58,The Legend of Zelda: Skyward Sword,Fantasy; General; Action Adventure; Open-World,4,"A Link to the Future - The Legend of Zelda: Skyward Sword shakes up the tried-and-true adventure game formula and marks a turning point for the franchise. The introduction of full motion controls enabled by Wii MotionPlus technology synchronizes player movements with Link's actions while offering the most intuitive play control of any game in the series to date. FEATURES: * The Legend of Zelda: Skyward Sword boasts the most realistic sword combat of any game to date, turning every encounter into a challenge of both brains and brawn. Wii MotionPlus technology accurately translates the angle of every sword slice, effectively putting Link's blade in the player's hand. Analyzing enemy attack and defense tendencies and counteracting with precise swings of the sword provide a satisfying experience that blends puzzle-solving with a new and distinctly unique combat system. * Explore a massive, multilayered world that seamlessly blends soaring exploration in a sea of clouds with intense ground-based adventuring that blurs the line between the main world and traditional Zelda dungeons. Link soars through the skies on the back of a noble bird and dives beneath the clouds to the continent below in an epic quest that lays the foundation for the events in the critically acclaimed The Legend of Zelda: Ocarina of Time. * Prepare for intense puzzle-solving as only The Legend of Zelda games can deliver. Exploration of the forests, volcanoes and deserts requires players to think on their feet as they solve puzzles, overcome obstacles and escape deadly traps. Once they find their way to each dungeon, they are confronted by even more puzzles guarded by fiendish enemies. * The Legend of Zelda: Skyward Sword redefines the traditional Zelda framework and introduces an arsenal of items, upgrades and rewards unlike any game in the franchise to date. The adventure guides players into, out of and back to dungeons and areas they've already completed. Along the way, Link gathers a massive inventory of peculiar items and resources that can be used to upgrade many of his weapons and equipment. * Every copy in the initial production of the game will come packaged with a special music CD featuring orchestral arrangements of select songs that will be performed at The Legend of Zelda 25th Anniversary Symphony Concert. * This version of The Legend of Zelda: Skyward Sword comes packaged with a special Gold Wii Remote Plus controller. You can also purchase a copy of the game without a controller.",81.99,https://sandbox.oxylabs.io/products/58,2
59,Mario Kart Super Circuit,Driving; Racing; Kart,4,"Whoever hands out driver's licenses in the Mushroom Kingdom is about to be in some serious trouble. Classic Mario Kart action is back once again, this time in a colorful, lightning-fast game that you can take anywhere. Mario, Luigi, Peach, Toad, Wario, Yoshi, and Bowser are all tearing up the track, tossing Koopa Shells and laying banana peels along the way. Mario Kart: Super Circuit puts your driving skills to the test on 40 tracks, each littered with wild weapons and obstacles. Four players can compete in Mario Kart: Super Circuit using only one Game Pak. If each player has a copy of the game, bonus features and new modes of play become available.",78.99,https://sandbox.oxylabs.io/products/59,2
60,Test Drive Le Mans,Driving; Racing; GT / Street,4,"In order to join them, you will need excellent racing strategy and masterful driving skills to finish the race. You will have to be able to control the most powerful cars at speeds of over 350 kmh. You will have to bring out the hero in you! Are you ready for the challenge?",83.99,https://sandbox.oxylabs.io/products/60,2
61,NBA 2K1,Sports; Traditional; Basketball; Sim,4,"Visual Concepts has tweaked and buffed out the annoying gameplay traits that plagued its original hoops game, and the result is a highly polished product.",72.99,https://sandbox.oxylabs.io/products/61,2
62,Virtua Fighter 4: Evolution,Action; Fighting; 3D,4,"Challenge a steady stream of opponents with varying ranks and skill levels, with the impression that you're playing online against human opponents with different styles. Along with this illusion of online play, Virtua Fighter 4 has also been expanded upon, including the roster, the character customization features, the visuals, the training mode, and even the arcade mode. With the different tournaments and two new characters to explore, VF4: Evolution will put your fighting skills to the ultimate test.",87.99,https://sandbox.oxylabs.io/products/62,2
63,Uncharted 4: A Thief's End,General; Modern; Action Adventure; Linear,4,"Set 3 years after the events of Uncharted 3, Nathan Drake has apparently left the world of fortune hunting behind. However, it doesn’t take long for adventure to come calling when Drake’s brother, Sam, re-emerges asking for his help to save his own life and offering an adventure Drake cannot resist. On the hunt for Captain Henry Avery’s long-lost treasure, Sam and Drake embark on a journey to find Libertalia, the pirate utopia deep in the forests of Madagascar. Uncharted 4: A Thief’s End takes players around the globe, through jungle isles, urban cities and snow-capped peaks on the search for Avery’s fortune. [Naughty Dog]",88.99,https://sandbox.oxylabs.io/products/63,2
64,Super Smash Bros. Ultimate,Action; Fighting; 2D,4,"Inklings from the Splatoon series, as well as returning Smash characters like Mario and Link will be making appearances in this classic Nintendo franchise's Switch debut. Faster combat, new items, new attacks, new defensive options, and more will keep the battle raging whether you’re at home or on the go.",86.99,https://sandbox.oxylabs.io/products/64,2
65,Paper Mario,Role-Playing; Console-style RPG,4,"Mario pals around in an all-new action adventure! Mario's back in his first adventure since Super Mario 64, and this time, Bowser's bent on preventing a storybook ending. When Princess Peach is kidnapped, Mario plots to rescue the seven Star Spirits and rid the Mushroom Kingdom of Koopa's cruel cohorts. As he travels from the tropical jungles of Lavalava Island to the frosty heights of Shiver Mountain, he'll meet up with seven all-new companions... and he'll need help from each one or there'll be no happily ever after.",90.99,https://sandbox.oxylabs.io/products/65,3
66,Wipeout XL,Driving; Racing; Futuristic,4,"The original scorched the game world and became an instant classic. Fast-forward now to a brutal new generation of anti gravity racing. Loaded with faster, smoother graphics, more tracks, more crafts, and a range of nasty new weaponry. Wipeout XL will give you the rush of your life.",86.99,https://sandbox.oxylabs.io/products/66,3
67,World of Warcraft,Role-Playing; Massively Multiplayer Online; Massively Multiplayer; Fantasy,4,"Four years have passed since the aftermath of Warcraft III: Reign of Chaos, and a great tension now smolders throughout the ravaged world of Azeroth. As the battle-worn races begin to rebuild their shattered kingdoms, new threats, both ancient and ominous, arise to plague the world once again. World of Warcraft is an online role-playing experience set in the award-winning Warcraft universe. Players assume the roles of Warcraft heroes as they explore, adventure, and quest across a vast world. Being ""Massively Multiplayer,"" World of Warcraft allows thousands of players to interact within the same world. Whether adventuring together or fighting against each other in epic battles, players will form friendships, forge alliances, and compete with enemies for power and glory. A dedicated live team will create a constant stream of new adventures to undertake, lands to explore, and monsters to vanquish. This content ensures that the game will never be the same from month to month, and will continue to offer new challenges and adventures for years to come. [Blizzard Entertainment]",74.99,https://sandbox.oxylabs.io/products/67,3
68,Flipnote Studio,Miscellaneous; General; Application,4,"[DSiWare] Let your inner artist loose with Flipnote Studio, an easy to use and surprisingly powerful animation application. Create Flipnotes by using the stylus to write letters and draw pictures, capture sounds using the microphone, and even insert photos captured with the Nintendo DSi Camera. Save a Flipnote with multiple pages that run successively and you've just made an animated Flipnote that works like a flip book! And if you feel like sharing your masterpiece, send it to your Flipnote friends or, if you are a registered Hatena.com user, release it via Flipnote Hatena, an online service run by Japanese Web-service provider Hatena. With such a large set of tools available, you’ll quickly find that there are many ways to enjoy Flipnote Studio. [Nintendo]",75.99,https://sandbox.oxylabs.io/products/68,3
69,God of War III,Action Adventure; Fantasy; Linear,4,"Set in the realm of brutal Greek mythology, God of War III is a single-player game which allows players to take on the climatic role of the ex-Spartan warrior, Kratos, as he scales through the intimidating heights of Mt. Olympus and the dark depths of Hell to seek revenge on those who have betrayed him. Armed with double-chained blades, and an array of new weapons and magic for this iteration of the trilogy, Kratos must take on mythology’s darkest creatures while solving intricate puzzles throughout his merciless quest to destroy Olympus. [SCEA]",88.99,https://sandbox.oxylabs.io/products/69,3
70,NHL 2002,Sports; Traditional; Ice Hockey; Sim,4,"The PlayStation 2 version features include Career Mode, allowing you to compete for the Stanley Cup for 10 consecutive years and build a true hockey dynasty. Also included are Quick Game, Season, Playoffs, Shootout, and Tournament modes. [EA Sports]",83.99,https://sandbox.oxylabs.io/products/70,3
71,Uncharted 3: Drake's Deception,Action Adventure; Modern; Linear,4,"A search for the fabled ""Atlantis of the Sands"" propels fortune hunter Nathan Drake on a trek into the heart of the Arabian Desert. When the terrible secrets of this lost city are unearthed, Drake's quest descends into a desperate bid for survival that strains the limits of his endurance and forces him to confront his deepest fears.",84.99,https://sandbox.oxylabs.io/products/71,3
72,Bloodborne,Fantasy; Role-Playing; Action Adventure; General; Action RPG,4,"Bloodborne is an action RPG in which you hunt for answers in the ancient city of Yharnam, now cursed with a strange endemic illness spreading through the streets like a disease. Peril, death and madness infest this dark world, and you're tasked with uncovering its darkest secrets which will be necessary for you to survive. Armed with a singular arsenal of weaponry, including guns and saw cleavers, you'll require wits, strategy and reflexes to dispatch the agile and intelligent enemies that guard the city's underbelly. You will utility holy chalices to access an array of vast underground ruins, chock full of traps, beasts, and rewards, to explore and conquer on your own or with other people.",88.99,https://sandbox.oxylabs.io/products/72,3
73,Eternal Darkness: Sanity's Requiem,Action Adventure; Horror,4,"This horror story spans generations, so you must relive the blood-soaked history while conjuring spells, solving puzzles, and slaying supernatural beasts. Whether you're creeping around as the Roman Centurion, Cambodian villager, or any of the other characters, the psychological thriller will challenge you to use your mind as well as your might. The story is historically based and features many significant real-world events and locations, including the blood-soaked fields of the Somme, the jungle-ridden temples of Angkor Wat, the deserts of Persia, and the haunted vales of Rhode Island.",87.99,https://sandbox.oxylabs.io/products/73,3
74,Warcraft III: Reign of Chaos,Strategy; Real-Time; Fantasy; General,4,"[Metacritic's 2002 PC Game of the Year] It has been nearly fifteen years since the war between the orcs and humans ended. An uneasy peace settled over the land while, for years, the drums of war were silent. Yet the kingdoms of men grew complacent in their victory - and slowly, the defeated orcish clans regrouped under the banner of a new visionary leader. Now a darker shadow has fallen over the world, threatening to extinguish all life - all hope. The drums of war play upon the winds once again - rising urgently towards the inevitable hour when the skies will rain fire - and the world will tremble before the coming of the Burning Legion. The Day of Judgment has come... [Blizzard]",92.99,https://sandbox.oxylabs.io/products/74,3
75,Sid Meier's Gettysburg!,Strategy; Real-Time; Wargame; General,4,"Experience victory in Sid Meier's Gettysburg! It's the most engrossing and sophisticated real-time strategy game ever. In a stunning 3D battlefield, you plan the tactics, lead the troops, and take history into your own hands. Attack from the trees to protect your brigade,rally around a General for a quicker recovery, entrench your troops as your cannons blast the hillside, and much, much more with just a click of the mouse! Complete multiplayer support via internet, LAN, modem and serial link. [Firaxis]",74.99,https://sandbox.oxylabs.io/products/75,3
76,Forza Motorsport,Driving; Racing; GT / Street,4,"Forza Motorsport lets you own, customize, and race your favorite cars. You can collect models from more than 60 manufacturers and then race to earn money for upgrades and aftermarket parts. Test-drive your vehicle on various tracks, ranging from the challenging Nurburgring Nordschleife to the streets of Rio de Janeiro. You can even train your own ""Drivatars"" to use the same racing techniques you do, so they can race for you in competitions or train new drivers on your team. In addition to single-player challenges, the game includes multiplayer modes that are playable via Xbox Live.",76.99,https://sandbox.oxylabs.io/products/76,3
77,Advance Wars,Strategy; Turn-Based; Modern,4,"The battle lines have been drawn, and an elite group of sly strategists are massing troops at your borders. You'll have to command ground, air and naval forces if you hope to survive the coming wars, and it won't be easy. With 114 maps to battle on and both Single-Pak and Multi-Pak link modes, Advance Wars brings turn-based strategy to a depth never before seen on a handheld!",89.99,https://sandbox.oxylabs.io/products/77,3
78,Vagrant Story,Role-Playing; Action RPG,4,"Relive an adventurous tale rich with agents, espionage, and conspiracies. Challenge deadly monsters and villains with your steel and magic. Clear your name by uncovering a sinister plot -- or perish in the attempt.",90.99,https://sandbox.oxylabs.io/products/78,3
79,Team Fortress 2,Action; Shooter; First-Person; Modern; Tactical,4,"Team Fortress 2 (TF2) is the sequel to the game that put class-based, multiplayer team warfare on the map. TF2 delivers new gametypes, a signature art style powered by Valve’s next generation animation technology, persistent player statistics, and more. Unlike other ""class-based"" games that offer a variety of combat classes only, Team Fortress 2 packs a wild variety of classes which provide a broad range of tactical abilities and personalities, and lend themselves to a variety of player skills. Play as the flame-throwing Pyro, the room clearing Heavy, or the Spy, a master of disguises. Other classes include: Scout, Sniper, Medic, Engineer, Demoman, or Soldier. TF2 features the most advanced graphics of any Source-based game released to date – and the most exciting class-based action ever created. [Valve]",90.99,https://sandbox.oxylabs.io/products/79,3
80,System Shock 2,Action Adventure; Sci-Fi; Survival,4,"Like System Shock 1, there will be persistent levels (i.e., drop an item on one level, and you could go back later to retrieve it), gameplay elements like logs, inventory, skills, persistent world, leaning, hacking, rpg elements, multiple weapons and enemies, and a compelling storyline. Unlike most other first person shooters, the purpose of System Shock was not to kill everything in sight; nor was it a ""find the key to move onto the next level"" game. The plot was always present, but not so confining as in traditional shooters - there was almost always more than one task to accomplish. Levels were realistically designed and had logical reasons behind them. It is the principle of System Shock 2 to continue this game design. [sshock2.com]",91.99,https://sandbox.oxylabs.io/products/80,3
81,Final Fantasy XII,Role-Playing; Console-style RPG,4,"The story takes place in a world called ""Ivalice,"" in an age when magic was commonplace and airships plied the skies - the Archadian Empire, seeking to strengthen its base of power, had been invading and subjugating its neighboring lands one by one- a fate which befell the small Kingdom of Dalmasca. Archadia's invasion and the subsequent death of the Dalmascan king prompted the Princess Ashe, the sole surviving heir to the Dalmascan throne, to take up arms against the invaders. In her struggle to oust the occupying Archadian forces and restore freedom to her people, Ashe must watch as many of her allies pay the blood price for that freedom. Though tempted to abandon all hope in the face of the Empire's might, her determination keeps her from succumbing before what would seem to be inevitable defeat. Then she meets Vaan, an urchin from the Dalmascan capital of Rabanastre. Vaan dreams of one day becoming a sky pirate, escaping the Empire on his airship. Vaan, Ashe, Vaan's friend Penelo, the sky pirate Balthier, his partner Fran and many more are on an adventure through Ivalice that traces the mysteries behind the Archadian Empire's invasion. Bringing with it a wide array of new gameplay elements, Final Fantasy XII will change the way players think about the Final Fantasy series. Numerous possibilities abound within each scenario, allowing for a less linear, more unique experience for each player. The game also supports Dolby Pro Logic II both in-game and during movie sequences, immersing the player in the middle of the action. [Square Enix]",76.99,https://sandbox.oxylabs.io/products/81,3
82,Super Mario World: Super Mario Advance 2,Action; Platformer; 2D,4,"Mario hasn't even had a chance to savor his victory in the original Super Mario Advance, and already he's back for more in Super Mario World: Super Mario Advance 2. This game is a re-creation of the Super NES classic Super Mario World, featuring every last secret exit and all 74 levels of platform-jumping action. Once again, Princess Peach has been kidnapped by the ever-diabolical Bowser, and Mario and Luigi set out on a massive adventure to rescue her. As either Mario or Luigi, you'll solve puzzles, shoot fireballs, fly, and discover the hidden secrets in Dinosaur Island.",90.99,https://sandbox.oxylabs.io/products/82,3
83,Super Smash Bros. Melee,Action; Fighting; 3D,4,"Nintendo's all-star cast of combatants is back in Super Smash Bros. Melee, along with a new batch of brawlers ready to tear it up. The sequel to Super Smash Bros. keeps the same basic premise: Characters duke it out in interactive environments, using special attacks and various items to knock each other into the abyss. Some new defensive techniques add an even deeper level of complexity to the combat. In addition to traditional battle royale matches, players can select all-new ways to play like Coin mode and Tournament mode.",91.99,https://sandbox.oxylabs.io/products/83,3
84,Rome: Total War,Strategy; Real-Time; Historic; General,4,"Rome: Total War is the next generation in epic strategy gaming from the critically acclaimed and award winning Total War brand. The aim of the game is to conquer, rule and manipulate the Roman Empire with the ultimate goal of being declared as the ""Imperator"" of Rome. Set in a time when the mighty Roman Empire emerged to conquer the known world against powerful enemies; when gladiators fought to a bloody death in the Coliseum; when Spartacus defied the might of the empire; when Hannibal led his invincible army and his war elephants across the Alps to strike fear into the very heart of Rome itself; and when Julius Caesar finally smashed the Barbarian Gauls. This was a time of brutal confrontation between civilisation and barbarism, and of civil war as the ancient world's only superpower turned on itself. A completely new Total War engine uses innovative technology and groundbreaking design to bring the world of ancient Rome to life to deliver the biggest and most cinematic battles ever seen in a videogame. So the battles in Rome: Total War maintain the epic scale that fans of Total War are used to, but now use high-detailed 3D polygonal troops and allows huge cities to be displayed on the battlefields. The result is truly spectacular. [Activision]",90.99,https://sandbox.oxylabs.io/products/84,3
85,Forza Motorsport 3,Driving; Racing; Simulation; GT / Street; Automobile,4,"Whether it's an exotic sports car like the new Audi R8 V10, a classic American muscle car such as the Ford GT, or a hot Asian import such as the Nissan 370Z, everyone has a dream car. The game makes it possible for everyone to experience the thrill of owning the world's most exotic and exquisite cars. Live the most realistic racing experience ever as you take the wheel of more than 400 of the most-beloved cars on over 100 renowned real-world tracks and exotic road courses from around the globe. With breathtaking HD graphics and the most advanced vehicle performance modeling in a video game, Forza Motorsport 3 includes a host of driving assists and adjustable skill levels to make the game a gripping pick-up-and-play experience for audiences of all ages and skill levels. [Microsoft]",81.99,https://sandbox.oxylabs.io/products/85,3
86,Super Mario Sunshine,Action; Platformer; 3D,4,"When Mario, Peach, and an entourage of Peach's loyal Toad friends set out for a tropical vacation on lovely Isle Delfino, they're in store for much more than a relaxing holiday. A mustachioed maniac has mucked up the entire island, and Mario is accused of committing the crime. Armed with a hi-tech water cannon called FLUDD (Flash Liquidizer Ultra Dousing Device), Mario sets out to clean the island, clear his name, and solve the mystery of the villainous vandal. With new enemies, moves, and surprises, Super Mario Sunshine offers plenty of challenges.",84.99,https://sandbox.oxylabs.io/products/86,3
87,Tony Hawk's Pro Skater,Sports; Alternative; Skateboarding,4,"Skate as legendary Tony Hawk, or as one of nine top pros. Work your way up the ranks by landing suicidal tricks in brutal competitions to become the highest-ranked skate champ.",88.99,https://sandbox.oxylabs.io/products/87,3
88,Thief: The Dark Project,Action Adventure; Fantasy; General,4,"Sneak through the shadows of 12 treacherous missions including haunted cathedrals, subterranean ruins, and forbidding prisons, in a dark and sinister city. Stalk your prey on the quest for stolen goods with your blackjack, sword and an assortment of unique arrows. Steal for money and uncover the hidden agendas of your allies and enemies as you play through an unravelling story of deception and revenge. Survive in a world where shadows are your only ally, trust is not an option, and confrontation results in death! [Eidos Interactive]",90.99,https://sandbox.oxylabs.io/products/88,3
89,Fire Emblem: Awakening,Strategy; Turn-Based; Fantasy; Tactics,4,"Lead an army of soldiers in a series of scaled turn-based strategy battles. In the process, develop relationships with your team, utilizing their special abilities on the battlefield to gain victory and advance the story, which features a wide array of characters from a variety of nations and backgrounds. They can be joined by a character of your making, with a unique appearance crafted as you see fit.",90.99,https://sandbox.oxylabs.io/products/89,3
90,Age of Empires II: The Age of Kings,Strategy; Real-Time; Historic; Command,4,"Age of Empires II: The Age of Kings is the sequel to the award-winning, best-selling real-time strategy game ""Age of Empires."" Age of Empires II spans a thousand years, from the fall of Rome through the Middle Ages in which players lead one of 13 civilizations into greatness. The game keeps the epic scope of Age of Empires' game play while evolving the combat and economic features. [Microsoft]",91.99,https://sandbox.oxylabs.io/products/90,3
91,Final Fantasy X,Role-Playing; Console-style RPG,4,Final Fantasy's first game on the Playstation 2 is the first to use voice acting and a massive leap in the cinematic approach to storytelling. Stop reading and go play.,89.99,https://sandbox.oxylabs.io/products/91,3
92,Unreal Tournament (1999),Action; Shooter; First-Person; Sci-Fi; Arcade,4,"The stakes are high. On the one hand, fame, fortune, glory; on the other hand, death. Prove your skill in the arenas of the future, leading your team of computer-controlled ""bots"" to victory in the Grand Tournament, or compete with the best of the best via LAN or the Internet in seat-of-your-pants battles. While Unreal Tournament offers the finest in classic ""Deathmatch"" play, right out of the box you can compete in Team Deathmatch or Capture the Flag. Control strategic points on the map to rack up your score in Domination, or test your skills in Assault, as one team defends its base from the other. Each game type comes with its own special maps and rules, for never-ending variety and challenge. Add gameplay mutators such as Jump Match or InstaGib, and Unreal Tournament will keep your wits honed to a razor edge. [Infogrames]",90.99,https://sandbox.oxylabs.io/products/92,3
93,Sid Meier's Alpha Centauri,Strategy; Turn-Based; Sci-Fi; 4X,4,"Legendary designer Sid Meier presents the next evolution in strategy games, with the most addictive, compelling gameplay yet. Explore the alien planet that is your new home and uncover its myriad mysteries. Discover over 75 extraordinary technologies. Build over 60 base upgrades and large-scale secret projects for your empire. Conquer your enemies with a war machine that you design from over 32,000 possible unit types. [Firaxis]",88.99,https://sandbox.oxylabs.io/products/93,3
94,Wave Race 64,Driving; Racing; Snow / Water,4,"Wave Race 64 is sure to provide some of the most exciting racing you've ever experienced. Feel the pounding and crashing of the waves as you accelerate into straight-aways, whip around the marker buoys and go airborne on the jump ramps. Don't race alone - challenge a friend! Take control in three different modes of play - Championship, Time Trials and Stunt Mode. Nine challenging courses set in exotic locales - race conditions change and the wave action responds to the way both you and your opponents race!",83.99,https://sandbox.oxylabs.io/products/94,3
95,Galactic Civilizations II: Twilight of the Arnor,Strategy; Turn-Based; Sci-Fi; 4X,4,"The galaxy is being consumed by the fires of war as we enter the final act of the Dread Lord saga. Galactic Civilizations II: Twilight of the Arnor is the second expansion pack to the award-winning PC strategy game, Galactic Civilizations II. Galactic Civilizations II: Twilight of the Arnor expands the gameplay of Galactic Civilizations in all new ways. New campaign detailing the final chapter in the Dread Lords wars. The Terror Star arrives, capable of destroying any star. Unique technology trees for all 12 civilizations. Unique planetary improvements for each civilization. New 3D engine powered map editor. New Scenario Editor for creating highly detailed custom games. New Campaign Editor for players who want to create their own custom epic campaigns for themselves or to share with others. New Metaverse Tournaments: Specific maps & scenarios recorded to the Metaverse with prizes for top players. [Stardock]",82.99,https://sandbox.oxylabs.io/products/95,3
96,Super Smash Bros. for Wii U,Action; Fighting; 3D; 2D,4,Duke it out with your favorite Nintendo characters in Super Smash Bros. for the Nintendo Wii U.,89.99,https://sandbox.oxylabs.io/products/96,3
97,Chrono Trigger,Role-Playing; Console-style RPG; Japanese-Style,4,"[Metacritic's 2008 DS Game of the Year] When a newly developed teleportation device malfunctions at the Millennial Fair, young Crono must travel through time to rescue his unfortunate companion from an intricate web of past and present perils. The swashbuckling adventure that ensues soon unveils an evil force set to destroy the world, triggering Crono's race against time to change the course of history and bring about a brighter future. Features an engaging and unparalleled storyline, leading to the discovery of multiple epic conclusions to a journey that transcends time. An inspiring musical score created by Yasunori Mitsuda. Intriguing battle system made possible by the unique combination of the Active Time Battle system and Tech skills. Famed character designer Akira Toriyama lends his signature art style to create the vibrant world that has captivated gamers around the world. Taking advantage of the Nintendo DS hardware, CHRONO TRIGGER makes its way onto the portable platform with all-new dual screen presentation and Touch-Screen functionality. A brand new dungeon and a Wireless Play mode adds exciting new dimensions to this timeless classic. [Square Enix]",91.99,https://sandbox.oxylabs.io/products/97,4
98,Xenoblade Chronicles,Role-Playing; Action RPG; Console-style RPG,4,"Xenoblade Chronicles throws you into a universe bursting with imagination. Take hold of an ancient sword that offers glimpses of the future, customise your characters extensively and discover a world where your relationships with others matter.",91.99,https://sandbox.oxylabs.io/products/98,4
99,Conker's Bad Fur Day,Action; Platformer; 3D,4,"The day after his 21st birthday bash, Conker's sporting the worst hangover ever, and he just can't seem to find his way home. Prepare to stagger through randy, raunchy, raucous scenarios crammed full of bad manners, twisted humor, and graphic bodily functions. Unless you're a fan of violence, foul language, and racy innuendo, you'd best steer clear of this one.",89.99,https://sandbox.oxylabs.io/products/99,4
100,Mario Kart 8 Deluxe,Other; Racing; Arcade; Automobile,4,"Race and battle your friends in the definitive version of Mario Kart 8. Hit the road with the definitive version of Mario Kart 8 and play anytime, anywhere! Race your friends or battle them in a revised battle mode on new and returning battle courses. Play locally in up to 4-player multiplayer in 1080p while playing in TV Mode. Every track from the Wii U version, including DLC, makes a glorious return. Plus, the Inklings appear as all-new guest characters, along with returning favorites, such as King Boo, Dry Bones, and Bowser Jr. Race your friends in the definitive version of Mario Kart 8, only on Nintendo Switch. Race as every character on every track from the Wii U version, including DLC characters and tracks. Pop some balloons in the revamped Battle mode, complete with Balloon Battle and Bob-omb Blast. Battle on new courses, like Urchin Underpass and Battle Stadium, or returning ones, such as GCN Luigi's Mansion and SNES Battle Course 1. Inkling Girl & Inkling Boy from Splatoon, King Boo, Dry Bones, and Bowser Jr. join the roster. Players can choose a new Smart Steering feature which makes driving and staying on the track easy for novice players and kids even at 200cc. Three new vehicles have been added, two are even inspired by Splatoon. Carry two items at the same time. Returning items include Boo, the item stealing ghost, and the Feather, which gives you a high jump in battle mode. Play your friends in local wireless multiplayer with up to 8 players. Drive through in 1080p HD quality in TV mode. Play on the go with handheld mode and play anytime, anywhere.",86.99,https://sandbox.oxylabs.io/products/100,4
101,The ICO & Shadow of the Colossus Collection,Miscellaneous; Action Adventure; Fantasy; Compilation,4,This collection provides HD and 3D updates for PS2 classics Ico and Shadow of the Colossus.,87.99,https://sandbox.oxylabs.io/products/101,4
102,Metroid Prime 2: Echoes,Action; Shooter; First-Person; Sci-Fi,4,"The sequel to Metroid Prime puts you in the role of bounty hunter Samus Aran once again. Your mission is to locate federation troopers who are missing on Aether--a planet torn into light and dark domains. To help you travel through the depths of light and dark, you'll have all-new beam weapons, a screw attack, and power-ups. Eliminate your enemies, solve puzzles, and open doors in an effort to restore peace to Aether. Metroid Prime 2: Echoes also features competitive multiplayer modes supporting up to four players.",89.99,https://sandbox.oxylabs.io/products/102,4
103,Out of the Park Baseball 17,Sports; Baseball; Sim; Team,4,"Step into the shoes of a team owner, GM, and/or field manager to own the future or rewrite the past of your favorite real-world club. Start a new career with 2016 Opening Day rosters of the real major or minor leagues, or span through 150 years of history and run any club from the past! Perform drafts, trades, scouting, waivers, team finances and personnel. Negotiate player contracts. Dive into the more hands-on management and set your team's lineups, pitching staffs, and in-game strategy. You can oversee your league at a high level, or play out each game, managing play by play or even pitch by pitch!",33.99,https://sandbox.oxylabs.io/products/103,4
104,Metroid Fusion,Action Adventure; Sci-Fi,4,"While lending mission support on planet SR388, interstellar bounty hunter Samus Aran is attacked by an X parasite, an organism with the ability to mimic the abilities of any creature it infects. Near death, Samus is saved by a vaccin made from the DNA of the last Metroid--the X parasite's only natural predator. When the X spread to a research station in orbit around SR388, a weakened Samurs is forced to exterminate them all...or die trying.",91.99,https://sandbox.oxylabs.io/products/104,4
105,Final Fantasy VI Advance,Role-Playing; Console-style RPG,4,"This title are more than a simple port of the SNES classic — every aspect of the games has been reviewed and enhanced. Additionally, a host of brand-new elements has been seamlessly merged with the original game, providing unexpected surprises for longtime fans. With new dungeons, new job classes, and other exciting features, both old-school players and newcomers can enjoy this genre-defining FINAL FANTASY title in a portable format.",87.99,https://sandbox.oxylabs.io/products/105,4
106,Dishonored,Action Adventure; Modern; General,4,"Approach each assassination with your own unique style. Use shadow and sound to your advantage to traverse silently through levels unseen by enemies, or attack foes head-on as they react to your aggression. The malleable combat system allows you to creatively synthesize your abilities, supernatural powers and gadgets as you negotiate your way through the levels and dispatch your targets. Improvise and adapt to define your modus operandi.",85.99,https://sandbox.oxylabs.io/products/106,4
107,Medal of Honor: Allied Assault,Action; Shooter; First-Person; Historic; Arcade,4,"As Lt. Mike Powell, member of the famed 1st Ranger Battalion, you'll battle through over 20 levels based on historical military campaigns of World War II. Fire period weapons and command authentic war vehicles as you silence the gun batteries at Port Arzew, survive the Omaha Beach landing, and more. [Electronic Arts]",85.99,https://sandbox.oxylabs.io/products/107,4
108,Myth: The Fallen Lords,Strategy; Real-Time; Fantasy; General,4,"Myth is arguably the first real-time strategy game to put the player in a true 3D landscape, with an emphasis on tactical battlefield action rather than base construction. Myth also happens to be one of Bungie's most successful pre-Halo releases, and shows off the company's range and ability in genres outside of first-person shooters. A single player mode features an engrossing and enjoyable plot, with you battling the evil and eponymous Fallen Lords, their evil leader, Balor and all manner of undead creatures, but Myth's multiplayer is where it really stands out. Bungie.net's game-matching technology has been much-emulated since, and at Myth's release, was something truly special. Multiple game modes including King of the Hill, Steal the Bacon and even co-op added huge variety to what was an outstanding and standard-setting game - and it still is. If ever an older game deserved another visit, it's Myth, with a huge, loyal and highly motivated following. [Bungie]",85.99,https://sandbox.oxylabs.io/products/108,4
109,LittleBigPlanet 2,Action; Platformer; 3D; 2D,4,Media Molecule and Sony Europe are already working on a follow-up to their critically acclaimed platformer.,86.99,https://sandbox.oxylabs.io/products/109,4
110,Psychonauts 2,"Action; Platformer; 3D; ""Beat-Em-Up""; Action Adventure; Open-World",4,"Razputin Aquato, trained acrobat and powerful young psychic, has realized his life long dream of joining the international psychic espionage organization known as the Psychonauts! But these psychic super spies are in trouble. Their leader hasn't been the same since he was kidnapped, and what's worse, there's a mole hiding in headquarters. Raz must use his powers to stop the mole before they execute their secret plan--to bring the murderous psychic villain, Maligula, back from the dead.",55.99,https://sandbox.oxylabs.io/products/110,4
111,Guitar Hero,Miscellaneous; Rhythm; Music,4,"Strap on your Guitar Hero SG controller, plug-in, and CRANK IT UP. Guitar Hero creates all the sensations of being a rock star, as you rock out to 30 of the greatest rock anthems of all time and more. Soundtrack includes songs as made famous by such legendary artists as the Red Hot Chili Peppers, David Bowie, Boston, Sum 41, Ozzy Osbourne, Audioslave, White Zombie, Franz Ferdinand, and The Ramones. So kiss that air guitar goodbye and get ready to rock. Features over 30 of the greatest rock songs of all-time. 4 difficulty levels (Easy, Medium, Hard, and Expert). 6 venues that range from basement parties to sold out stadiums. 8 different characters that each offer their own look and unique style of playing, from metal head to classic rocker. Two-player mode that offers tons of multiplayer fun. [Red Octane]",86.99,https://sandbox.oxylabs.io/products/111,4
112,World of Warcraft: Wrath of the Lich King,Role-Playing; Massively Multiplayer Online; Massively Multiplayer; Fantasy,4,"Players last visited Northrend in ""Warcraft III: The Frozen Throne,"" when Arthas Menethil fused with the spirit of Ner’zhul to become the Lich King, one of the most powerful beings in the Warcraft universe. He now broods atop the Frozen Throne deep in Icecrown Citadel, clutching the rune blade Frostmourne and marshaling the undead armies of the Scourge. In Wrath of the Lich King, the forces of the Alliance and the Horde venture into battle against the Scourge amid Northrend’s howling winds and fields of jagged ice. Wrath of the Lich King adds a rich variety of content to an already massive game. New features in the game’s second expansion include: Death Knight Hero Class: Create a high-level Death Knight character -- the game’s first hero class -- once certain challenges have been met. Increased Level Cap: Advance to level 80 and gain potent new talents and abilities along the way. Northrend: Explore the harsh new continent of Northrend, packed with new zones, quests, dungeons, monsters, and items -- and do battle with the undead armies of the Lich King. ""Inscription"" Profession: Learn this exciting new profession and gain unique ways to permanently enhance spells and abilities in the game. Siege Weapons and Destructible Buildings: Take the battle to another level with new player-vs.-player game mechanics and new battlefields to wage war on. New Character Customization: Change how characters look and express themselves, with different hairstyles and dance animations. [Blizzard Entertainment]",79.99,https://sandbox.oxylabs.io/products/112,4
113,Metroid Prime Trilogy,Action; Miscellaneous; Shooter; Compilation; First-Person; Sci-Fi,4,"Metroid Prime 3: Corruption set a new standard for first-person motion controls in video games. Now it’s bringing those controls to the rest of the celebrated series, allowing players to experience the entire Metroid Prime story arc with the precision of the Wii Remote. Metroid Prime Trilogy, is a three-game collection for the Wii console that bundles all three landmark Metroid Prime games onto one disc and revamps the first two installments with intuitive Wii Remote controls, wide-screen presentation and other enhancements. Each game maintains its original storyline and settings, but now Metroid Prime and Metroid Prime 2: Echoes let players use their Wii Remote to aim with precision as heroine Samus Aran. Based on the breakthrough control system that debuted in Metroid Prime 3: Corruption, these new Wii controls bring an entirely new level of immersion and freedom to these milestone games. Players can access the game they want from a unified main menu that ties together all three adventures. Through a new unlockables system, players can gain access to in-game rewards such as music and artwork by accomplishing objectives across all three games. [Nintendo]",90.99,https://sandbox.oxylabs.io/products/113,4
114,F1 Challenge '99-'02,Driving; Racing; Simulation; Formula One; Automobile,4,"Cutting-edge technology brings you the most accurate representation of Formula One to date. High-resolution car models include details right down to the very last shut line. Circuits include real life structures, helicopters, airplanes, panoramic skies, animated grid girls, motion captured pit crews, and even bumps in the track surface as they exist in reality. The glossy team-themed user interface puts you in the game and tracks your performance as a real life driver competing against the likes of world champion drives such as Damon Hill, Jacques Villeneuve, Mika Hakkinen, and Michael Schumacher. [Electronic Arts]",76.99,https://sandbox.oxylabs.io/products/114,4
115,Baldur's Gate,Role-Playing; PC-style RPG; Western-Style,4,"Baldur's Gate takes you back to the Forgotten Realms on a visually dazzling role-playing adventure, one that brings to life the grand tradition of Advanced Dungeons & Dragons through cutting edge art and technology. Immerse yourself in this quintessential medieval fantasy world, where entire nations hang in the balance of your actions, dark prophecies test your resolve, and heroic dreams can be fulfilled at last. [Interplay]",89.99,https://sandbox.oxylabs.io/products/115,4
116,Klonoa 2: Lunatea's Veil,Action; Platformer; 3D,4,"The sequel to 1997's sleeper platformer hit ""Klonoa: Door to Phantomile"" finds our floppy-eared, baseball cap-wearing hero collecting dream stones and over-inflating his enemies with air bullets while protecting the dream world of Lunatea in this ""2-D style"" action game.",86.99,https://sandbox.oxylabs.io/products/116,4
117,IL-2 Sturmovik,Simulation; Flight; WWII; Combat,4,"Fly 31 types of Russian, German and American planes. Engage in air-to-air and air-to-ground battles. Multiplay with up to 32 players in dogfight and 16 players in cooperative missions. Use custom paint schemes, squadron nose art, numbering on wings, and national markings for each plane. [Ubi Soft]",87.99,https://sandbox.oxylabs.io/products/117,4
118,Mario Tennis,Sports; Traditional; Tennis,4,"All of your favorite characters hit the court in a wild and wacky multiplayer tennis game from the makers of Mario Golf. Mario, Luigi, Bowser, Peach, Toad, and Donkey Kong lead off the all-star, 14-player line-up. The fast-paced action will have you unleashing vicious volleys, life-saving lobs, ballistic backhands and electrifying super-charged smashes!",88.99,https://sandbox.oxylabs.io/products/118,4
119,FreeSpace 2,Simulation; Sci-Fi; Space; Small Spaceship; Combat,4,"The year is 2367. Thirty-two years have passed since the Great War. As Terrans and Vasudans struggle to rebuild their civilizations, civil war erupts in the Polaris system. A rogue Terran admiral declares war against the Vasudans, threatening the stability of the Alliance. Without warning, the Shivans return, and Terrans and Vasudans face annihilation at the hands of their Great War nemesis. [Interplay]",87.99,https://sandbox.oxylabs.io/products/119,4
120,Colony Wars,Simulation; Sci-Fi; Small Spaceship,4,Delivers the real experience with its spectacular cinematic graphics.,83.99,https://sandbox.oxylabs.io/products/120,4
121,Ratchet & Clank: Up Your Arsenal,Action; Platformer; 3D,4,"(Also known as ""Ratchet & Clank 3"") The third installment of the Ratchet & Clank franchise incorporates new elements of gameplay not seen previously in the series, including online and offline multiplayer capabilities that will appeal to a wide variety of players. Ratchet and Clank: Up Your Arsenal returns gamers to Planet Veldin, the setting of the original Ratchet & Clank, where the duo set off on a gripping new adventure through a multitude of diverse planets to fight for galactic peace. Players will be able to earn up to 20 weapons (including online and offline) with up to four levels of upgrades for most weapons, plus new high-tech gadgets to help them through their journey. [SCEA]",91.99,https://sandbox.oxylabs.io/products/121,4
122,Resident Evil (2002),Action Adventure; Horror,4,"Raccoon City has been completely overrun by mutant beasts and bloodthirsty zombies. You are a member of S.T.A.R.S.--a rescue squad sent into the community to investigate the ominous mansion at the core of the disaster. Take the role of operative Jill Valentine or Chris Redfield and uncover the secrets behind a radical, genetic research facility. With an array of weapons to master and horrors around every corner, the ultimate test may be just to make it out alive.",92.99,https://sandbox.oxylabs.io/products/122,4
123,Metal Gear Solid 3: Snake Eater,Action Adventure; Modern,4,"In the struggle to achieve world peace and world dominance, rivaling governments are secretly developing weapons technology that could threaten the future existence of life. Destined to be the first, a race ensues to become the ultimate nation. A special elite tactical soldier is summoned to penetrate deep in the heart of enemy territory and obtain intel about ""Metal Gear,"" a prototype weapon with nuclear capabilities. This is your mission and you must infiltrate alone. Interactive environments where traps catch enemies and prey. Rely on camouflage, combat, hunting and instincts to survive. Set in the 1960s where politics and war are shaping real world history. Blockbuster musical score composed by Harry Gregson-Williams. [Konami]",92.99,https://sandbox.oxylabs.io/products/123,4
124,Twisted Metal: Black,Driving; Car Combat,4,"The original designers are back for the fifth game in the ""Twisted Metal Series,"" THE car-combat game cruising at a FAST 60 frames per second, featuring the mysterious Calypso who once again tempts inmates from a local metal hospital to compete in a tournament of automotive mayhem.",84.99,https://sandbox.oxylabs.io/products/124,4
125,Spyro: Year of the Dragon,Action; Platformer; 3D,4,"Thieves have kidnapped a brood of dragon eggs, while, elsewhere in the Dragon Lands, a gateway to the Forgotten World has been uncovered. Sent to recapture the eggs, Spyro the Dragon, and his best friend Sparx, face a journey into uncharted territory against his most fearsome enemy yet - the Sorceress! All new playable characters, frantic challenges and new exciting worlds to explore - the Year of the Dragon begins here!",89.99,https://sandbox.oxylabs.io/products/125,4
126,Tomb Raider,Action Adventure; Modern,4,"Climb, swim, and backflip your way through a maze of cryptic deathtraps so realistic you can practically smell the decaying flesh. Unload an arsenal of lethal firepower on any wild-dog, giant lizard or blood-thirsty mercenary that gets in your way. Your mission is the deadliest one to date -- the recovery of the fabled Scion, an incredible treasure reputed to give its possessor vast power. Get ready to cross the globe to take on impossible odds while exploring Incan ruins, Ancient Rome, Egyptian Pyramids, and the Lost City of Atlantis...",84.99,https://sandbox.oxylabs.io/products/126,4
127,Factorio,Strategy; Management; Business / Tycoon,4,"Factorio is a game about building and creating automated factories to produce items of increasing complexity, within an infinite 2D world. Use your imagination to design your factory, combine simple elements into ingenious structures, and finally protect it from the creatures who don't really like you.",91.99,https://sandbox.oxylabs.io/products/127,4
128,Resident Evil 4: Wii Edition,Action Adventure; Horror; Survival,4,"Resident Evil 4 comes to the Wii with added Wii Remote and Nunchuck support, allowing players to immerse themselves in the game as never before. With RE4 Wii Edition, Capcom is offering new and more immersive sense of control to players, while keeping all of the game's incredible game systems intact. As Leon Kennedy, players explore a town overrun by cultists, mutants and mind-controlled villagers, using the Wii Remote to aim, fire, slash and avoid oncoming adversaries with intuitive motions and movements. RE4 Wii Edition also contains the additional content included in the PlayStation 2 computer entertainment system version of the game. [Capcom]",89.99,https://sandbox.oxylabs.io/products/128,4
129,Peggle,Miscellaneous; Puzzle; Action,4,"[Playstation Network] The PlayStation Network edition of Peggle brings all the compelling gameplay action of the original PC version, including 55 levels of ball-bouncing madness, 10 unlockable Peggle Masters, Quick Play mode, Duel mode, and 75 Challenge mode levels. For non-stop competitive action, players can choose from two multiplayer options: two-player Duel mode, or Peg Party mode, where up to four players can compete against one another simultaneously. [PopCap Games]",73.99,https://sandbox.oxylabs.io/products/129,5
130,The Legend of Zelda: Ocarina of Time / Master Quest,Action Adventure; Fantasy,4,"The Legend of Zelda: Ocarina of Time Master Quest is a special version of Ocarina of Time that wasn't released for the N64 in North America. Both games were exclusively available for the Nintendo GameCube to those who preordered The Legend of Zelda: The Wind Waker at a participating retailer. The Master Quest version of Ocarina of Time contains the same overall storyline as the original Ocarina of Time adventure. However, the dungeons have been upgraded to be truly challenging, even to a Zelda master.",89.99,https://sandbox.oxylabs.io/products/130,5
131,Sonic Mania Plus,Action; Platformer; 2D,4,"Sonic Mania Plus is the definitive retail enhanced version of the original Sonic Mania's digital release, presented in a pristine collectible physical release. The encore pack is a $5 upgrade fee for owners of the original game.",81.99,https://sandbox.oxylabs.io/products/131,5
132,Kentucky Route Zero - Act III,Adventure; General,4,"Kentucky Route Zero is a magical realistic adventure game about a secret highway in the caves beneath Kentucky, and the mysterious folks who travel it.",66.99,https://sandbox.oxylabs.io/products/132,5
133,Crysis,Action; Shooter; First-Person; Sci-Fi; Arcade,4,"Crysis is a next-generation PC first-person shooter from Crytek, the award-winning developers of ""Far Cry."" It is 2020, and global tensions have reached boiling point as the U.S. and North Korea square off in the South China Sea. At stake: a mysterious artifact uncovered by a team of U.S. archeologists. The North Korean government quickly seizes the area, prompting the U.S. to dispatch an elite team of Delta Force operatives on a rescue mission. During the siege the true nature of the artifact quickly emerges, pointing to the existence of an alien presence on Earth, and ultimately the trigger for a massive-scale alien invasion. The battle to save Earth begins as the aliens' flash freeze the tropics into a ghostly-white frozen landscape. As gamers take up arms against the aliens, they will be outfitted with customizable weapons and a high tech Nanosuit, allowing them to adapt their tactics and abilities to a hostile, ever-changing environment and a mysterious enemy. [Electronic Arts]",81.99,https://sandbox.oxylabs.io/products/133,5
134,Ninja Gaiden,Action Adventure; Fantasy,4,"Ninja Gaiden first debuted in the 1988 and now the young ninja returns. As Ryu Hayabusa, you seek revenge after the Vigor Empire massacres your clan. Skilled in battle actions and ninja moves, you are well prepared to hunt down the Holy Emperor and reclaim the magic sword ""Ryuken."" Ninja Gaiden features killer gameplay, stunning graphics, and new weapons such as the Dragon Sword, warhammer, shurikens, and nunchakus. Plus, there are massive levels filled with enemies and Xbox Live feature will enable future high score tournaments and downloadable content.",88.99,https://sandbox.oxylabs.io/products/134,5
135,God of War: Chains of Olympus,Action Adventure; Fantasy; Linear,4,"[Metacritic's 2008 PSP Game of the Year] Unleash the power of the Gods and embark on a merciless quest as Kratos, an ex-Spartan warrior driven to destroy Ares, the God of War. Armed with lethal double chainblades, Kratos must carve through mythology's darkest creatures including Medusa, Cyclops, the Hydra and more, while solving intricate puzzles in breathtaking environments. Driven by pure revenge, nothing can stop Kratos from achieving absolution. [SCEA]",86.99,https://sandbox.oxylabs.io/products/135,5
136,DOA2: Hardcore,Action; Fighting; 3D,4,"This third version of Tecmo's acclaimed fighter ""Dead or Alive 2,"" ported to the Dreamcast ealier in the year, is a visual feast for PS2 gamers with the addition of new costumes, levels, hidden characters, amped-up graphics.",81.99,https://sandbox.oxylabs.io/products/136,5
137,World of Warcraft: The Burning Crusade,Role-Playing; Massively Multiplayer Online; Massively Multiplayer; Fantasy,4,"Several years have passed since the Burning Legion's defeat at Mount Hyjal and the races of Azeroth have continued to rebuild their once shattered lives. With renewed strength, the heroes of the Horde and Alliance have begun to explore new lands and broken through the Dark Portal to investigate the realms beyond the known world. Will these heroes find friends or foes? What dangers and rewards lie in wait beyond the Dark Portal? And what will they do when they discover that the demons they thought vanquished have returned to renew their terrible Burning Crusade? New Player Races: New allies will join the game, expanding the story line and allowing players to develop powerful new characters within the world. Higher Level Limit: The game's level cap is being raised to 70, and with these new levels will come meaningful spell, ability, and talent upgrades for each character class. New Lands and Battlegrounds: Explore the magical realms of the Blood Elves and Draenei, journey through the Dark Portal into untamed Outland, and visit dungeons and battlefields previously inaccessible to players. Flying Mounts: In Outland, players will gain access to unique airborne mounts that will allow for smoother travel over some of that region's more hazardous terrain. [Blizzard]",65.99,https://sandbox.oxylabs.io/products/137,5
138,Yoshi's Island: Super Mario Advance 3,Action; Platformer; 2D,4,"When Baby Mario falls from the sky, the big-hearted Yoshis vow to reunite him with his twin brother on the far side of the island. It won't be easy, but you must help them take on a meddling Magikoopa and his entire cast of underhanded underlings. Your journey spans the island's jungles, caves, and snowcapped peaks--each area filled with hidden rooms, secret passages, charming minigames, demented bosses, and all-new pals. Sure, Yoshi looks cute, but he packs some pretty amazing firepower--he can throw eggs, hover, stomp, pound the ground, slurp up enemies, and morph into a toy submarine.",89.99,https://sandbox.oxylabs.io/products/138,5
139,The Longest Journey,Adventure; Third-Person; Point-and-Click; Fantasy,4,An epic 3-D adventure spanning over 150 unique locations across two distinct and detailed worlds. [Funcom],87.99,https://sandbox.oxylabs.io/products/139,5
140,Star Wars Jedi Knight: Dark Forces II,Action; Shooter; First-Person; Sci-Fi; Arcade,4,"In Dark Forces, Kyle Katarn, a young mercenary successfully infiltrated the Empire. Jedi Knight continues the story of Katarn as he embarks on a quest into his past and learns the mysterious ways of the Jedi. With this knowledge, he must stop seven Dark Jedi from unlocking the powers of a hidden Jedi burial ground. This task forces Katarn to decide his destiny. If he chooses the Dark side, he will come into enormous power. If he chooses the Light side, he faces seemingly insurmountable evil. Whatever path Katarn chooses will change the face of the galaxy forever. [LucasArts]",86.99,https://sandbox.oxylabs.io/products/140,5
141,Halo: Reach,Action; Shooter; First-Person; Sci-Fi; Arcade,4,"From the beginning, you know the end. In Halo: Reach, players experience the fateful moments that forged the Halo legend. It's the story of Noble Team, a squad of heroic Spartan soldiers, and their final stand on the planet Reach, humanity's last line of defense between the terrifying Covenant and Earth. This darker story is echoed by grittier visuals amid a backdrop of massive, awe-inspiring environments. Characters, enemies and environments are rendered in amazing detail by an all-new engine designed to deliver epic-scale encounters against the cunning and ruthless Covenant.",84.99,https://sandbox.oxylabs.io/products/141,5
142,Galactic Civilizations II: Dark Avatar,Strategy; Turn-Based; Sci-Fi; 4X,4,"The year is 2226 and the Drengin Empire reigns supreme across the galaxy. But something utterly evil is devouring the Drengin Empire from within. Expand your Galactic Civilizations II experience with espionage agents, player designed opponents, new alien races, new ships, unique planetary environments, asteroid fields, improved graphics and much more. [Stardock]",78.99,https://sandbox.oxylabs.io/products/142,5
143,Mass Effect,Role-Playing; Action RPG; Console-style RPG; Japanese-Style; Western-Style,4,"Mass Effect is a science fiction action-RPG created by BioWare Corp., the commercially and critically acclaimed RPG developer of ""Jade Empire,"" and ""Star Wars: Knights of the Old Republic."" As the first human on the galactic stage, you must uncover the greatest threat to civilization. Your job is complicated by the very fact of your humanity, as no one trusts you and you need to find a way to convince everyone of the grave threat. You will travel across an expansive universe to piece the mystery together. As you discover and explore the uncharted edges of the galaxy, you come closer to an overwhelming truth - learning that the placid and serene universe you know is about to come to a violent end and that you may be the only person who can stop it! In addition to the main story arc of the game, players are be able to visit a large number of uncharted, unexplored planets which are side quests independent from the main story. At any time during the campaign, a player can choose to explore one of these planets and have an opportunity to discover new alien life, resources, ruined civilizations and powerful technologies. Talents and abilities are upgradeable and advanced talent options become available at higher levels. Weapons and vehicles are customizable to include various effects, abilities and upgrades using the ""X-Mod"" system. Each character class have unique talents and abilities which increase in power as the player progresses through the game. [Microsoft]",87.99,https://sandbox.oxylabs.io/products/143,5
144,Crusader Kings III,Strategy; Real-Time; General,4,Paradox Development Studio brings you the sequel to one of the most popular strategy games ever made. Crusader Kings III is the heir to a long legacy of historical grand strategy experiences and arrives with a host of new ways to ensure the success of your royal house.,84.99,https://sandbox.oxylabs.io/products/144,5
145,Forza Motorsport 4,Driving; Racing; Simulation; GT / Street; Automobile,4,Forza Motorsport 4 is the biggest entry in the series to date. Hundreds of the world’s most exciting cars spanning more than eighty manufacturers. The best driving circuits in the world. Bringing you closer to the cars of your dreams. Online features that redefine online community. Forza Motorsport 4 promises to be an entirely new car experience.,83.99,https://sandbox.oxylabs.io/products/145,5
146,Battlefield 2,Action; Shooter; First-Person; Tactical; Modern,4,"In Battlefield 2, players will choose to fight for one of three military superpowers: the United States, China, or the newly formed Middle East Coalition. Armed with the latest modern weaponry, players can take control of any of the game's 30+ vehicles to engage in major conflicts with over 100 players in some of the largest online battles on the PC. Battlefield 2 features immense, richly detailed, destructible environments, from city streets to remote forests, in some of the most notorious hot spots around the world. Each map in Battlefield 2 adjusts in scale to support the number of players in the world, providing the ideal vehicle-to-player ratio and an optimized game play experience. Enhanced team play features allow players to enter the action on the front lines as part of a formal squad, or work behind the scenes in Commander Mode to direct the strategic assaults of their teammates. With in-game success, players increase their rank from recruit all the way to General and unlock awards, including new weapons, vehicle decals, medals, and more. Additionally, Battlefield 2 showcases an all-new game engine and physics system to bring the modern battlefield to life like never before. The new material penetration feature measures weapons' ability to fire through barriers based on their composition and players will need to know the difference between concealment and cover in order to survive. [Electronic Arts]",84.99,https://sandbox.oxylabs.io/products/146,5
147,Planescape: Torment,Role-Playing; General; PC-style RPG; Western-Style,4,"Welcome to Sigil, the ""City of Doors"", a place with gates that lead anywhere in existence, provided you have the proper key. It is a neutral ground and watering hole for races across the multiverse, all under the watchful shadow of the Lady of Pain, the enigmatic ruler of the city. It is a place where the word is mightier than the sword, where thought defines reality, where belief has the power to reshape worlds and change the laws of physics. [Interplay]",92.99,https://sandbox.oxylabs.io/products/147,5
148,Gears of War 3,Action; Shooter; Third-Person; Sci-Fi; Arcade,4,"Developed by acclaimed studio Epic Games and available only on Xbox 360, ""Gears of War 3"" plunges players into a harrowing tale of hope, survival, and brotherhood that will conclude the current story arc for ""Gears of War."" With the last human city destroyed and the remaining survivors stranded, time is running out for Marcus and his comrades as they fight to save the human race from the jaws of extinction.",81.99,https://sandbox.oxylabs.io/products/148,5
149,Killzone 2,Action; Shooter; First-Person; Sci-Fi; Arcade,4,"Two years after the Helghast assault on Vekta, the ISA is taking the fight to the enemy's home world of Helghan. The ISA goal is direct: capture the Helghast leader, Emperor Visari, and bring the Helghast war machine to a halt. Assuming the role of Sev, a battle-hardened veteran and a member of the special forces unit known as the Legion, players lead a group of highly trained soldiers on a mission to take out the Helghast threat. For Sev and his squad, the invasion of Helghan is just the beginning. Tasked with securing Pyrrhus, the Capital City, the team quickly discovers that the Helghast are a formidable enemy on their home planet. Not only have they adjusted to the planet's hostile conditions, they have also harnessed a source of power they can now use against the ISA. Sev discovers his squad isn't just fighting enemy forces – their fiercest opponent may be the planet itself. [Sony]",81.99,https://sandbox.oxylabs.io/products/149,5
150,Neverwinter Nights,Role-Playing; PC-style RPG; Western-Style,4,"A hideous evil has awoken in the Forgotten Realms. Now, in order to save the inhabitants of the town of Neverwinter you must uncover a sinister conspiracy, unmask your mysterious betrayer and complete an epic struggle to defeat the powerful forces that look to halt your quest and unleash an evil your people would surely never survive. [Infogrames]",82.99,https://sandbox.oxylabs.io/products/150,5
151,Castlevania: Aria of Sorrow,Action; Platformer; 2D,4,"The year is 2035 and Soma Cruz is about to witness the first solar eclipse of the 21st century when he suddenly blacks out -- only to awaken inside a mysterious castle. As Soma, you must navigate the castle's labyrinths while confronting perilous monsters at every turn. But beware, you must escape before the evil consumes you!",89.99,https://sandbox.oxylabs.io/products/151,5
152,No One Lives Forever 2: A Spy in H.A.R.M.'s Way,Action; Action Adventure; Shooter; General; First-Person; Modern; Arcade,4,"A humorous story-driven first-person shooter featuring the beautiful but deadly UNITY operative Cate Archer. Cate must investigate a super-secret Soviet project that, if successful, could bring about a third world war. Armed with an assortment of conventional and experimental weaponry and gadgets, players will explore exotic locales, circumvent devious traps, and contend with deadly agents determined to take Cate out of the spy trade once and for all. [Sierra]",86.99,https://sandbox.oxylabs.io/products/152,5
153,Legacy of Kain: Soul Reaver,Action Adventure; Horror,4,"Cast down to the material world, the mysterious entity 'Raziel' seeks vengeance for betrayal by his master: Kain. Cursed to stalk the dark realms of Nosgoth, he must slay his undead brethren; only then can he absorb their souls for the energy he craves. Moving between the spectral and material plane, Raziel must negotiate puzzles, overcome traps and defy blood-chilling enemies to reach his goal - the final battle with Kain!",90.99,https://sandbox.oxylabs.io/products/153,5
154,Dragon Age: Origins,Role-Playing; PC-style RPG; Western-Style,4,"As the spiritual successor to BioWare's ""Baldur's Gate"", one of the most successful role-playing games in the industry, Dragon Age: Origins represents BioWare's return to its roots, delivering a fusion of the best elements of existing fantasy works with stunning visuals, emotionally-driven narrative, heart-pounding combat, powerful magic abilities and credible digital actors. The spirit of classic RPGs comes of age, as Dragon Age: Origins features a dark and mature story and gameplay. Epic Party-Based Combat – Dragon Age: Origins introduces an innovative, scalable combat system, as players face large-scale battles and use their party’s special abilities to destroy hoardes of enemies and massive creatures. Powerful Magic – Raining down awesome destruction on enemies is even more compelling as players apply ""spell combos,"" a way of combining together different spells to create emergent unique effects. Players develop their characters and gain powerful special abilities (spells, talents and skills) and discover ever-increasing weapons of destruction. With its emotionally compelling story, players choose with whom they wish to forge alliances or crush under their mighty fist, redefining the world with the choices they make and how they wield their power. Players select and play a unique prelude that provides the lens through which the player sees the world and how the world sees the player. The player's choice of Origin determines who they are and where they begin the adventure, as they play through a customized story opening that profoundly impacts the course of every adventure. [BioWare]",88.99,https://sandbox.oxylabs.io/products/154,5
155,Golden Sun,Role-Playing; Console-style RPG,4,"In a dark time, an epic adventure begins as evil slowly envelops the world! The forces of darkness are pursuing the lost art of Alchemy, and as they draw ever closer to their foul purpose, mankind's future hangs in the balance. You and your companions are the last hope: armed with noble weapons, mysterious Psynergy and a host of elemental creatures, you must find a way to stem the evil tide. Your ordinary life is over, as a Golden Sun rises above you and forever broadens your horizon!",90.99,https://sandbox.oxylabs.io/products/155,5
156,Disco Elysium,Role-Playing; General,4,"Disco Elysium is an open world role playing game. You’re a detective with a unique skill system at your disposal and a whole city block to carve your path across. Interrogate unforgettable characters, crack murders or take bribes. Become a hero or an absolute disaster of a human being.",84.99,https://sandbox.oxylabs.io/products/156,5
157,SteamWorld Heist: Ultimate Edition,Strategy; Turn-Based; General,4,"Join Captain Piper Faraday, smuggler and occasional pirate, as she recruits a rag-tag team of steam-driven robots and sets out on a daring adventure. With your hearty crew you’ll board, loot and shoot your way through enemy spaceships. Overcome the challenges of the vast frontier by upgrading your robots with unique abilities, weapons – and even stylish hats!",83.99,https://sandbox.oxylabs.io/products/157,5
158,The Legend of Zelda: A Link Between Worlds,Action RPG; Role-Playing; Action Adventure; General; Open-World,4,The Legend of Zelda: A Link Between Worlds is a new game with a new storyline set in world of the Super NES classic The Legend of Zelda: A Link to the Past.,90.99,https://sandbox.oxylabs.io/products/158,5
159,NieR: Automata - Game of the YoRHa Edition,Role-Playing; Action RPG,4,"Humanity has been driven from the Earth by mechanical beings from another world. In a final effort to take back the planet, the human resistance sends a force of android soldiers to destroy the invaders. Now, a war between machines and androids rages on... A war that could soon unveil a long-forgotten truth of the world.",87.99,https://sandbox.oxylabs.io/products/159,5
160,Castlevania: Circle of the Moon,Action; Platformer; 2D,4,"Count Dracula has been resurrected and evil will reign supreme unless he is stopped. As Nathan Graves, you'll hunt down the count and use your whip and a variety of special items to destroy his minions. Battle your way through Dracula's castle and rid the world of evil once and for all!",83.99,https://sandbox.oxylabs.io/products/160,5
161,Shovel Knight: Treasure Trove,Action; Platformer; 2D,4,"Shovel Knight: Treasure Trove is the full and complete edition of Shovel Knight, a sweeping classic action adventure game series with awesome gameplay, memorable characters, and an 8-bit retro aesthetic! Become Shovel Knight, wielder of the Shovel Blade, as he runs, jumps, and battles in a quest for his lost beloved. Take down the nefarious knights of the Order of No Quarter and their menacing leader, The Enchantress. But that's not everything! Shovel Knight: Treasure Trove also features three additional campaigns that are games all unto themselves! Take control of Plague Knight, Specter Knight, and King Knight on adventures of their own! Together, they form a grand and sweeping saga! With a fully cooperative campaign, a full-featured challenge mode, a 4 player battle mode, and body swap mode, you'll be digging for a long time. With Shovel Knight: Treasure Trove, you get it all. Uphold the virtues of Shovelry, earn relics and riches, and discover the true meaning of shovel justice!",82.99,https://sandbox.oxylabs.io/products/161,6
162,flower,General; Miscellaneous,4,"The pioneers that brought you the PLAYSTATION Network title flOw are back with another concept that challenges traditional gaming conventions. Flower expands the team's tradition of delivering simple gameplay, accessible controls and a medium to explore emotional chords uncommon in video games. In Flower, the surrounding environment, most often pushed to the background in games, is pulled to the forefront and becomes the primary ""character."" The player fades from an external and stressful world in the opening of this fresh and genuine game only for PS3, and journeys through beautifully vivid landscapes, changing the his surroundings and exploring nature along the way.",73.99,https://sandbox.oxylabs.io/products/162,6
163,Mario Kart DS,Driving; Racing; Arcade; Kart; Automobile,4,"Race and battle with up to eight karts at once, regardless of whether or not everyone has a Game Card. The all–star cast includes Mario, Luigi, Peach, Yoshi, Donkey Kong, Wario, Bowser, and Toad. With courses drawn from every Mario Kart game - Super Mario Kart, Mario Kart 64, Mario Kart: Super Circuit, Mario Kart: Double Dash - players may tour many of their favorites as well as all-new tracks and battle arenas. The game has a new dimension of fun, since players can battle others around the world by connecting to Nintendo's new wireless gaming service, Nintendo Wi-Fi Connection, via Wi-Fi. With over 30 courses and all the crazy items and frantic speed players would expect, this game is a Mario Kart fan's dream. [Nintendo]",87.99,https://sandbox.oxylabs.io/products/163,6
164,Call of Duty,Action; Shooter; First-Person; Third-Person; Historic; Tactical; Arcade,4,"Call of Duty delivers the gritty realism and cinematic intensity of World War II's epic battlefield moments like never before - through the eyes of citizen soldiers and unsung heroes from an alliance of countries who together helped shape the course of modern history. Play through the chaos of battle as part of a well-trained squad, that lays down covering fire and pulls its wounded to safety. In addition to authentic squad movements and tactics, each soldier's distinct personality and training comes out on the battlefield. No one soldier or nation single-handedly won the war. For the first time, Call of Duty captures the war from multiple perspectives, through the eyes of American, British and Russian soldiers. Battle through 24 missions spanning 4 interconnected historical campaigns. Take on mission objectives ranging from sabotage and all-out assault to stealth, vehicle combat and rescue. Authentic weapons, locations, vehicles and sounds of war all contribute to the realism. [Activision]",84.99,https://sandbox.oxylabs.io/products/164,6
165,Mario Golf,Sports; Traditional; Golf; Arcade,4,"Forget buying expensive golf gear--Mario brings the game to you. Mario Golf features four complete 18-hole courses, 11 golfers, and precise play control. Create your own golfer and build up his or her experience and skill levels by competing in various tournaments and head-to-head matches. The more you play, the stronger and more accurate your golfer becomes. There are many different modes of play in Mario Golf, including a wide variety of minigames designed to challenge even the most level-headed swingers.",80.99,https://sandbox.oxylabs.io/products/165,6
166,Crash Bandicoot 3: Warped,Action; Platformer; 3D,4,"This time the game takes place across a great expanse of time and space, making for greatly diverse level designs, which in turn keep the game fresh.",90.99,https://sandbox.oxylabs.io/products/166,6
167,Project Gotham Racing 2,Driving; Racing; GT / Street,4,"Project Gotham Racing 2 is a true test of racing skill, style, and daring that rewards you not only for how fast you drive, but also for how you drive fast. Earn Kudos and gain recognition for cornering on two wheels around the Sears Tower in Chicago; power-sliding through the ancient streets of Florence, Italy; or maneuvering along the racing line through the slick streets of Edinburgh, Scotland--all while racing some of the most exotic high-performance vehicles available. You can even challenge other gamers online, using Xbox Live, or take on your friends in a multiplayer race via System Link.",87.99,https://sandbox.oxylabs.io/products/167,6
168,Animal Crossing: New Horizons,Simulation; Virtual; Virtual Life,4,"If the hustle and bustle of modern life’s got you down, Tom Nook has a new business venture up his sleeve that he knows you’ll adore: the Nook Inc. Deserted Island Getaway Package. Sure, you’ve crossed paths with colorful characters near and far. Had a grand time as one of the city folk. May’ve even turned over a new leaf and dedicated yourself to public service. But deep down, isn’t there a part of you that longs for…freedom? Then perhaps a long walk on the beach of a deserted island, where a rich wealth of untouched nature awaits, is just what the doctor ordered. Peaceful creativity and charm await as you roll up your sleeves and make your new life whatever you want it to be. Collect resources and craft everything from creature comforts to handy tools. Embrace your green thumb as you interact with flowers and trees in new ways. Set up a homestead where the rules of what goes indoors and out no longer apply. Make friends with new arrivals, enjoy the seasons, pole-vault across rivers as you explore, and more.",55.99,https://sandbox.oxylabs.io/products/168,6
169,World of Warcraft: Cataclysm,Role-Playing; Massively Multiplayer Online; Massively Multiplayer; Fantasy,4,"In Cataclysm, players witness the face of Azeroth being altered forever, as the corrupted Dragon Aspect Deathwing awakens from his subterranean slumber and erupts onto the surface, leaving ruin and destruction in his wake. As the Horde and Alliance race to the epicenter of the cataclysm, the kingdoms of Azeroth will witness seismic shifts in power, the kindling of a war of the elements, and the emergence of unlikely heroes who will rise up to protect their scarred and broken world from utter devastation. New features in the game's third expansion include: Two New Playable Races: Adventure as the cursed worgen with the Alliance or the resourceful goblins with the Horde. Increased Level Cap: Advance to level 85 and earn new abilities, tap into new talents, and progress through the path system, a new way for players to customize characters. Classic Zones Remade: Quest to level 60 as you never have before. Familiar zones across the original continents of Kalimdor and the Eastern Kingdoms have been reforged by the cataclysm and updated with new quests and content. Flying Mounts in Azeroth: Explore Kalimdor and the Eastern Kingdoms from a whole new perspective. Guild Advancement: Progress as a guild to earn guild levels and guild achievements. New High-Level Content: Explore newly opened parts of the world, including Uldum, Grim Batol, and the great sunken city of Vashj'ir beneath the sea, and enjoy even more high-level raid content than in previous expansions. New PvP Zone & Rated Battlegrounds: Take on PvP objectives and daily quests on Tol Barad Island, a new Wintergrasp-like zone, and wage war in all-new rated Battlegrounds. Archaeology: Master a new secondary profession to unearth valuable artifacts and earn unique rewards. New Race and Class Combinations: Explore Azeroth as a gnome priest, blood elf warrior, or one of the other never-before-available race and class combinations. [Blizzard Entertainment]",58.99,https://sandbox.oxylabs.io/products/169,6
170,Rayman 2: The Great Escape,Action; Platformer; 3D,4,"Enter a massive 3-D action adventure of amazing beauty and challenge. The pirate terror has enslaved the world and only Rayman's speed, agility, and magical powers can save all. Race and battle across 45 intricately designed areas - rainforests, jungles, narrow canyon passes, even into the mighty pirate ship itself.",88.99,https://sandbox.oxylabs.io/products/170,6
171,Diablo III: Ultimate Evil Edition,Action RPG; Role-Playing,4,"PlayStation 4 players can now experience the full adventure of Blizzard’s epic action RPG, Diablo III, and the upcoming expansion, Reaper of Souls all from the comfort of their couch in Diablo III: Ultimate Evil Edition! Take on the role of one of six powerful character class Barbarian, Demon Hunter, Monk, Witch Doctor, Wizard, or the all-new Crusader and embark on a dark journey through Acts I-V to save the world of Sanctuary from ancient and sinister forces. With the new DUALSHOCK 4 wireless controller and a custom-designed console interface, players will be outfitted with touch pad functionality and new social features as they engage in pulse-pounding combat with hordes of monsters and acquire items of incredible power.",79.99,https://sandbox.oxylabs.io/products/171,6
172,ICO,Action Adventure; Fantasy,4,"Assume the role of Ico, a courageous young boy born with horns who has been delivered to a mysterious castle to be sacrificed so that, according to legend, the community will be saved. Attempt to escape the grounds and save a princess through a variety of mazes, brainteasers, and other puzzles.",88.99,https://sandbox.oxylabs.io/products/172,6
173,Mario & Luigi: Superstar Saga,Role-Playing; Console-style RPG,4,"An evil witch has replaced Princess Peach's fair speech with explosives! Mario and Luigi must once again come to her rescue, but this time they employ the help of Bowser, their sworn enemy. Mario and Luigi must learn new moves and combine powers to fight off enemies and move closer to the witch's castle. Guide this unlikely bunch through an abundance of minigames such as Border Jump and Mystery Carts. Combine the powers of Mario and Luigi to pull off special tag-team moves. Immerse yourself in this bright, cartoonish, and humorous world, complete with hit music featured in previous Mario games.",89.99,https://sandbox.oxylabs.io/products/173,6
174,Ape Escape,Action; Platformer; 3D,4,"A boisterous band of baboons carry out a daring zoo escape. It's ape anarchy and it's up to you to stop the chimps before they make chumps out of the human race! Use both analog sticks to operate great gadgets including a Tank, a Remote Control Car, a Stun Club, and a Time Net in your quest to hunt down over 200 apes!",84.99,https://sandbox.oxylabs.io/products/174,6
175,Syphon Filter,Action; Shooter; Third-Person; Modern,4,"While it may not be an original concept, the game is truly greater than the sum of its many parts.",88.99,https://sandbox.oxylabs.io/products/175,6
176,Mario & Luigi: Bowser's Inside Story,Role-Playing; Action RPG; Console-style RPG; Japanese-Style,4,"In his evil plot to take over the Mushroom Kingdom, Fawful tricks Bowser into eating a magic mushroom. The mushroom causes Bowser to begin inhaling everything around him, including Mario, Luigi and Princess Peach! Do the Mario Bros. have the guts to rescue Peach and escape? Players are in control of two separate storylines. One features Bowser and his efforts to stop an arch-villain from taking over his castle. Meanwhile, inside Bowser, the microbe-sized Mario & Luigi must muscle their way through challenges and keep their nerve if they want to find a way out. They take action to control Bowser from the inside - but without his knowledge. Players can switch between storylines at will. What happens inside Bowser affects what he’s doing on the outside. Sometimes Mario & Luigi must solve puzzles and challenges behind the scenes to help Bowser overcome various obstacles and advance the plot. Players must make well-timed button presses to enhance their performance during battles and challenges. In some battles, Bowser grows so large that players must turn their Nintendo DS or Nintendo DSi system sideways, blow into the microphone or tap on the touch screen with the stylus to keep up with the action. The game features the same hilarious dialogue that has been the hallmark of the Mario & Luigi series. [Nintendo]",88.99,https://sandbox.oxylabs.io/products/176,6
177,Trials Evolution,Driving; Racing; Simulation; Motorcycle; Automobile; Street,4,"The follow-up to Trials HD brings the bike-racing action back to the Xbox 360. Ride in real-time multiplayer with two to four players, either locally or through XBLA. Take part in single player career with 50 tracks, challenging unlocks, and tricky achievements. A massive, track editor lets you build the track of your choosing and share it with the world. Or simply download highly-rated tracks from around the globe using Track Central.",80.99,https://sandbox.oxylabs.io/products/177,6
178,Grand Theft Auto IV: The Lost and Damned,Action Adventure; Modern; Open-World,4,"[Xbox Live Arcade] Johnny is a veteran member of The Lost, a notorious biker gang. Johnny has been creating business opportunities for The Lost in Liberty City, but his first loyalty must be to the patch he wears on his back and to Billy Grey, the club's President. However, when Billy returns from rehab hell-bent on bloodshed and debauchery, Johnny finds himself in the middle of a vicious turf war with rival gangs for control of a city torn apart by violence and corruption. Can the brotherhood survive? Developed by series creator Rockstar North and set in Liberty City, Grand Theft Auto IV: The Lost and Damned features a new main character, Johnny Klebitz, and plot that intersects with the storyline of Grand Theft Auto IV; new missions that offer an entirely fresh way to explore Liberty City with new multiplayer modes, weapons and vehicles; and a diverse soundtrack with additional music - all with the incredible production values that are the trademarks of Grand Theft Auto. All-new missions and a new storyline that interweaves with the original story arc of Grand Theft Auto IV. Play as Johnny, a member of The Lost Motorcycle Club. Experience Liberty City now with the perspective and lifestyle of a member of a biker gang. Added range of weapons - including the all-new grenade launcher and sawed-off shotgun. New weapons will be available for use in single-player and in all new multiplayer modes. New vehicles - featuring a collection of bikes that include Johnny's own customized heavy-duty chopper. New and improved bike handling and physics. Set of new action-packed multiplayer modes - details coming soon. All-new in-game TV, internet and radio content featuring new radio shows and original music. Plus new side-missions and Xbox 360 Achievement. [Rockstar Games]",80.99,https://sandbox.oxylabs.io/products/178,6
179,Ratchet & Clank: Going Commando,Action; Platformer; 3D,4,"From the creators of the critically acclaimed smash hit Ratchet & Clank, Insomniac Games, comes the next installment of the most exciting sci-fi action adventure ever. Ratchet & Clank: Going Commando features an enhanced health damage system and weapons upgrade system, beautiful diverse environments, a compelling storyline and a unique arsenal of the coolest new weapons and hi-tech gadgets ever imagined. The more $#@& you blow up, the stronger Ratchet gets and the bigger and badder the weapons you?ll have! Show off in gladiator arenas. Pick off enemies in space combat. Leave competitors to eatin? your dust in hoverbike races. And, run around spherical worlds. [SCEA]",89.99,https://sandbox.oxylabs.io/products/179,6
180,NBA Street Vol. 2,Sports; Traditional; Basketball; Arcade,4,"25 NBA legends scrap, battle and brawl for ultimate bragging rights. Play as Dr. J, Bird, Wilt, Moses, and more! Seven authentic urban courts including Soul in the Hole in NYC, Mosswood in Oakland, and more. All-new electrifying moves, passes and alley-oops. Play against the CPU or with up to four ballers. Customize the rules and players to your liking. [Electronic Arts]",87.99,https://sandbox.oxylabs.io/products/180,6
181,Tennis 2K2,Sports; Traditional; Tennis,4,"The top seed is back. Take to the courts of Virtua Tennis 2 as you compete to become the world No1. Serve, smash and lob your way through 16 internationally top-ranked male and female players as you go head to head in singles matches or compete with up to 4 players in doubles and mixed doubles matches. With revamped Tournament, Exhibition and World Tour modes its game set and match Virtua Tennis 2.",79.99,https://sandbox.oxylabs.io/products/181,6
182,Black & White,Strategy; Real-Time; Fantasy; General,4,"Peter Molyneux's highly anticipated ""god game,"" a blend of the genres including strategy, sim, RPG, and puzzle, features the player as a new god in the lands of Eden who must reign with the help of uniquely evolving animals in either a benign or evil fashion.",77.99,https://sandbox.oxylabs.io/products/182,6
183,The Legend of Zelda: The Wind Waker HD,Action Adventure; Fantasy; Open-World,4,"As the purported definitive version of the game, The Legend of Zelda: The Wind Waker HD is remastered and presented in 1080p graphics. Gamers can experience high-definition cell-shaded presentation on their TVs or entirely on the Wii U GamePad controller. The streamlined interface lets gamers easily manage your inventory—simply slide an item onto any button. Instantly view maps and zoom in on the GamePad controller's touch screen. Enjoy a breezy cruise with the original sail, or switch to the brand-new Swift Sail that lets you gather the wind and speed across the waves. With the new Tingle Bottle feature, you can connect with others over Miiverse. Comments or screenshots others have posted on Miiverse may wash up on the shore or appear in other locations, tucked into bottles. Whenever you want, move around the world in first-person mode, using the GamePad gyroscope to look around you and aim your bow, hookshot, Picto Box, or telescope. You can store more pictographs with your improved Picto Box—handy for creating figurines—and share them with other players on Miiverse. Your pictures, game tips, and messages may also appear in another player's game. Take the adventure to new levels with Hero Mode, available from the moment you start the game. In this mode, you only regain health when you earn a new heart piece or container, use a red potion, or visit a fairy fountain. Also, your enemies do double the damage. [Nintendo]",90.99,https://sandbox.oxylabs.io/products/183,6
184,Portal,Action; Shooter; First-Person; Sci-Fi; Arcade,4,"Portal is a new single player game from Valve. Set in the mysterious Aperture Science Laboratories, Portal has been called one of the most innovative new games on the horizon and offers gamers hours of unique gameplay. The game is designed to change the way players approach, manipulate, and surmise the possibilities in a given environment; similar to how Half-Life 2's Gravity Gun innovated new ways to leverage an object in any given situation. Players must solve physical puzzles and challenges by opening portals to maneuvering objects, and themselves, through space. [Valve]",92.99,https://sandbox.oxylabs.io/products/184,6
185,Tetris Effect,Puzzle; Stacking,4,"Named after a real-world phenomenon where players' brains are so engrossed that images of the iconic falling Tetrimino blocks (i.e. the Tetris playing pieces) linger in their vision, thoughts, and even dreams, Tetris Effect amplifies this magical feeling of total immersion by surrounding you with fantastic, fully three-dimensional worlds that react and evolve based on how you play. Music, backgrounds, sounds, special effects -- everything, down to the Tetris pieces themselves, pulse, dance, shimmer, and explode in perfect sync with how you're playing. From deep beneath the ocean to the furthest reaches of outer space and everywhere between, Tetris Effect's 30-plus stages take players on a wondrous, emotional journey through the universe. The core of the game is still Tetris -- one of the most popular puzzle games of all time -- but like you've never seen it, or heard it, or felt it before.",66.99,https://sandbox.oxylabs.io/products/185,6
186,The Legend of Zelda: Phantom Hourglass,Action Adventure; Fantasy; Open-World,4,"[Metacritic's 2007 DS Game of the Year] Many months have passed since the events of The Legend of Zelda: The Wind Waker, and Link, Tetra and Tetra’s band of pirates have set sail in search of new lands. They come across a patch of ocean covered in a dense fog, in which they discover an abandoned ship. Tetra falls into danger when she explores the ship alone, and Link falls into the ocean when he attempts to rescue her. When he washes up unconscious on the shores of a mysterious island, he is awakened by the sound of a fairy’s voice. With the aid of this fairy, he sets off to find Tetra – and his way back to the seas he once knew. The stylus makes controlling Link easier than ever. Tap on the screen to make Link move, or sweep the stylus around him to swing the sword. Players can even draw a path for his boomerang and send it flying into hard-to-reach targets. Players can stash the map on the top screen for quick reference or drop it to the touch screen to make notes, study enemies, or chart a path for their boat to follow while they man the cannons. Compete with a friend over a local wireless connection: Guide Link through special dungeons to capture the Triforce or command the forces that oppose him. [Nintendo]",80.99,https://sandbox.oxylabs.io/products/186,6
187,Dance Dance Revolution,Miscellaneous; Rhythm; Dancing,4,"Dance Dance Revolution brings the dance floor to the home floor. Straight from the arcades, the hottest dancing game lets you step into the spotlight and show your moves on the PlayStation® game console. Heat up the dance floor and put your skills to the test as you move to the groove. Let the pulsating music and colorful graphics excite your senses while you become a star.",84.99,https://sandbox.oxylabs.io/products/187,6
188,Advance Wars: Dual Strike,Strategy; Turn-Based; Modern; Tactics,4,"Players lead their new Commanding Officers to fend off the Black Hole Army’s latest invasion. With massive battles that sweep across both of the DS screens, Advance Wars: Dual Strike will change the face of war forever. Use the top screen for quick-reference battle intel, or take control in battles that rage across both screens. Command a fleet of fighters high in the skies while troops clash with the enemy on the ground far below. New COs, new Tag-Team battles: Choose from new Commanding Officers, and combine their powers for incredible attacks that can turn the tide of battles. Real-time Combat mode: For a battle with a twist, players lead soldiers into a fast-paced, action-oriented battle against a storm of enemies. Easy-to-use map editor: Just grab a stylus and draw maps right on the touch screen, then send the maps to friends wirelessly. [Nintendo]",88.99,https://sandbox.oxylabs.io/products/188,6
189,NieR: Automata - Become as Gods Edition,Role-Playing; Action RPG,4,"NieR: Automata is an action RPG set in a post-apocalyptic world overrun by machine lifeforms and abandoned by mankind. As part of an android army created by humans to reclaim the planet, players will fight their way through the mechanical horde using a collective of close-combat weapons and ranged attacks.",90.99,https://sandbox.oxylabs.io/products/189,6
190,Jak and Daxter: The Precursor Legacy,Action; Platformer; 3D,4,"Jak and Daxter are quite a comic duo! Jak's the strong, silent type of hero, while Daxter's the obnoxious comic nut! The adventure takes place across a massive piece of continuous coastline - you can explore freely, with no loading screens and no waiting time. All characters and environmental elements exist in real time and have incredibly smart A.I.; you can't ignore or hide from enemies, they will follow you everywhere. (""Which is supposed to be a good thing?"") [Sony]",88.99,https://sandbox.oxylabs.io/products/190,6
191,Star Wars Rogue Leader: Rogue Squadron II,Simulation; Sci-Fi; Small Spaceship,4,"Think you've got what it takes to lead the elite Rogue Squadron? Now's your chance to jump into the cockpit of an X-wing and find out. Join Luke Skywalker and the Star Wars galaxy's most daring pilots as they return to face off against the Empire. As in the original hit game for N64, you'll relive favorite Star Wars battles including the perilous Death Star trench run, a daring space attack on a Star Destroyer, and the legendary battle on the ice planet Hoth. Aerial conflict takes place in a variety of craft such as the legendary X-wing, A-wing, and B-wing. Rogue Leader immerses players in an intense action arcade experience.",86.99,https://sandbox.oxylabs.io/products/191,6
192,Stephen's Sausage Roll,Puzzle; Action; General,4,The focus of Stephen's Sausage Roll involves nudging sausages around to fully cook them.,55.99,https://sandbox.oxylabs.io/products/192,6
193,NCAA Football 2002,Sports; Traditional; Football; Sim,4,"Gamers can select from any of 117 Division 1-A or 27 Division 1-AA teams. Play-by-play and color commentary are provided by ESPN's Brad Nessler, Lee Corso and Kirk Herbstreit. Brand-new team-specific playbooks emulate actual college plays run by 117 Division 1-A teams. [EA Sports]",84.99,https://sandbox.oxylabs.io/products/193,7
194,Deus Ex,Action Adventure; Sci-Fi; General,4,"The game that incorporates RPG, action, adventure, and 1st-person shooter genres into a chaotic blend of real-world conspiracies, cliffhangers, and plot twists. A richly simulated world of unparalleled interactivity, engineered to react logically to your every action. The decisions and consequences are yours. [Eidos Interactive]",92.99,https://sandbox.oxylabs.io/products/194,7
195,Donkey Kong 64,Action; Platformer; 3D,4,"K. Rool has kidnapped the Kongs! Can Donkey Kong rescue his friends, reclaim the Golden Bananas and save his homeland from certain doom? Take out some Kremlings with Chunky's Pineapple Launcher or Lanky's Trombone. Float through the air using Tiny's Ponytail Twirl. Even rocket to the sky with Diddy's Jetbarrel!",86.99,https://sandbox.oxylabs.io/products/195,7
196,Panzer Dragoon Orta,Action; Shooter; Rail,4,"The dragon rises to power once again in Panzer Dragoon: Orta. Dragons, creatures that once ruled the skies, are now mankind's only hope against a dark empire. With humanity at war and on the brink of extinction, it's up to you and your dragon to take to the skies and assist in the rebellion. On the back of your flying friend, you'll become part of intense chases and battles with powerful enemies. In order to defeat the evil empire, you must master multiple weapons, dragon powers, and advanced attacks.",84.99,https://sandbox.oxylabs.io/products/196,7
197,Portal: Still Alive,Action; Shooter; First-Person; Sci-Fi; Arcade,4,"[Xbox Live Arcade] Portal: Still Alive features the full award-winning Portal single player game from Valve, plus a new challenge mode. Designed to change the way you approach, manipulate, and surmise the possibilities in any given environment, Portal has earned over 70 industry honors for its innovative gameplay, with more than 30 ""Game of the Year"" awards. Break the laws of physics using ""portal"" technology to solve puzzles and survive in this darkly comic story weaving adventure with brain-bending puzzles. Experience the first first-person puzzle-action-adventure game with hours of single player gaming. The game includes fourteen brand new bonus puzzles to challenge even the most skilled test subjects. And, get a glimpse into the making of Portal: Still Alive with commentary from the developers. [Valve]",86.99,https://sandbox.oxylabs.io/products/197,7
198,Half-Life 2: Episode Two,Action; Shooter; First-Person; Sci-Fi; Arcade,4,"Half-Life 2: Episode Two is the second in a trilogy of new games created by Valve that extends the award-winning and best-selling Half-Life adventure. As Dr. Gordon Freeman, you were last seen exiting City 17 with Alyx Vance as the Citadel erupted amidst a storm of unknown proportions. In Episode Two, you must battle and race against Combine forces as you traverse the White Forest to deliver a crucial information packet stolen from the Citadel to an enclave of fellow resistance scientists. Episode Two extends the award-winning Half-Life gameplay with unique weapons, vehicles, and newly-spawned creatures. [Valve]",92.99,https://sandbox.oxylabs.io/products/198,7
199,The Chronicles of Riddick: Escape From Butcher Bay - Developer's Cut,Action; Shooter; First-Person; Sci-Fi; Arcade,4,"Set before the events of both Universal Pictures' ""The Chronicles of Riddick,"" starring Vin Diesel, and the 2000 cult classic ""Pitch Black,"" which first introduced Diesel as enigmatic anti-hero Riddick, the game tells the story of Riddick's dramatic escape from the previously inescapable triple max security slam Butcher Bay, home to the most violent prisoners in the galaxy. The Chronicles Riddick: Escape From Butcher Bay will blend action and stealth elements, as players navigate Riddick through the harsh environments of the slam - dank tunnels, dimly lit corridors, and other hazardous areas filled with guards, savage inmates and deadly creatures that prowl the darkness. [Vivendi Universal]",86.99,https://sandbox.oxylabs.io/products/199,7
200,Shin Megami Tensei: Persona 4,Role-Playing; Console-style RPG,4,"[Metacritic's 2008 PS2 Game of the Year] Shortly after an urban youth begins a year-long stay in the countryside town of Inaba, the rural town's peace is shattered by a horrific murder that leaves no clues or suspects. As the lone incident develops into a series of bizarre crimes, he discovers that only he and his friends have the power to solve the baffling case, bring those responsible to justice, and restore harmony to his new home. Balance your double life – Beyond intense battles, Persona fusion, and new weapon creation exists a normal high school life of friends, classes, and part-time jobs. The way you manage and integrate your activities within each day will determine how you progress through the game. Unprecedented team control – With a greater emphasis on developing bonds in the fight to solve the mysterious murders, strong friendships are key to your success. Directly control teammates in battle, earn greater party support for combat, and master individual Social Links to unlock your party's true potential. Find the true ending – 60+ hours of gameplay thrusts you into a deep mystery where midnight television leads to serial killings. You must investigate murders, rescue those who can be rescued, and unmask the culprit behind it all—or risk being forever shrouded in the fog of doubt. [Atlus USA]",77.99,https://sandbox.oxylabs.io/products/200,7
201,Hollow Knight,Action Adventure; General,4,"Hollow Knight is a 2D action-adventure game with an emphasis on traditional 2D animation and skillful gameplay. Journey to Hallownest, a vast and ancient underground kingdom inhabited by a bizarre collection of insects and monsters. Players will forge their own path as they explore ruined cities, forests of fungus, temples of bone and other fantastic lands, all on their way to uncovering an ancient mystery.",90.99,https://sandbox.oxylabs.io/products/201,7
202,Blast Corps,Action; General,4,"A pair of defective nuclear missiles, en route to a safe detonation site, has begun to leak. Badly damaged, the carrier automatically locks onto the most direct route. Clear a path to help the carrier arrive safely. Tons of vehicles are at your disposal. Leave nothing standing or the adventure will end in an earth-shattering explosion! Find the hidden technicians to ensure a safe detonation. Strap on your seat belt, it's going to be a bumpy ride.",83.99,https://sandbox.oxylabs.io/products/202,7
203,Sid Meier's Civilization III,Strategy; Turn-Based; Historic; 4X,4,"In Civilization III, you'll find new pathways to explore and strategies to employ, greatly expanded diplomacy, more powerful combat, a new trade system, new technologies, more powerful tools to build and manage your empire, and the most detailed and beautiful art, animations and sound ever found in the genre. [Infogrames]",84.99,https://sandbox.oxylabs.io/products/203,7
204,NFL 2K2,Sports; Traditional; Football; Sim,4,Fans of the NFL 2K series will undoubtedly find that it's hard not to like NFL 2K2.,71.99,https://sandbox.oxylabs.io/products/204,7
205,WWF SmackDown! 2: Know Your Role,Action; Fighting; Wrestling,4,"Prepare for the most outrageous WF experience ever created. Brawl in the ring, backstage, in the VIP room, the parking lot of the new WF New York. Let your fury rage in the new Tornado Tag Team mode. If that's not hardcore enough, pull out the tables, ladders or chairs and really get nasty.",84.99,https://sandbox.oxylabs.io/products/205,7
206,Silent Hunter III,Simulation; Submarine; Marine; Combat,4,"Command the cunning and deadly U-boats of the North Atlantic and experience the tension-filled atmosphere of a WWII submarine movie. The king of submarine simulations returns with an all-new 3D game engine, new crew-command features, and more realistic action than ever before. The game includes a career campaign, patrols that have both single and historical missions, a mission editor, and a multiplayer feature. Whether it’s stalking destroyers or hiding from depth charges, players will experience their own personal war story. The spectacular graphics, multiplayer options, and suspenseful gameplay combine to create the most impressive submarine simulation ever. [Ubisoft]",78.99,https://sandbox.oxylabs.io/products/206,7
207,Dead Space 2,Action; Shooter; Third-Person; Sci-Fi; Arcade,4,"Hero Isaac Clarke returns for another heart-pounding adventure, taking the fight to the Necromorphs in this thrilling action-horror experience. New tools to gruesomely slice and dismember the Necromorphs complement Isaac's signature Plasma Cutter, empowering him as he meets new characters, explores epic Zero-G environments, and fights against a relentless necromorph onslaught. Survival isn't the only thing on Isaac's mind in Dead Space 2 – this time, he calls the shots. [Electronic Arts]",86.99,https://sandbox.oxylabs.io/products/207,7
208,Pikmin 2,Strategy; Real-Time; Fantasy,4,"Captain Olimar has returned to the planet where the Pikmin live, and he's all business this time. The company he works for is going bankrupt, so to save it, Olimar must salvage the treasure buried all over the planet. Of course, he'll need the help of the Pikmin to do that--he can't do anything by himself. Control one of two main characters--Olimar or his assistant--as you command your Pikmin to defeat enemies, propagate more Pikmin, collect precious doodads, and solve puzzles. With unlimited time, new colors of Pikmin, and two-player cooperative play, Pikmin 2 improves on the original in many ways.",90.99,https://sandbox.oxylabs.io/products/208,7
209,Geometry Wars: Retro Evolved 2,"Action; Shooter; Static; ""Shoot-Em-Up""; Top-Down",4,"[Xbox Live Arcade] Experience the adrenaline rush from playing the latest version of the frenetic retro shooter Geometry Wars: Retro Evolved 2. New features include six action-packed gameplay modes, new enemies, new scoring strategies, and a diverse list of exciting achievements. If that's not crazy enough for you, try multiplayer mayhem for up to four players. Use power-ups in versus mode to boost your stats or handicap your opponent, or team up with others in co-op mode. Play it all in razor-sharp 1080p to new pulse-pounding music. Unlock all six of these innovative and challenging modes -- Deadline, Evolved, King, Pacifism, Waves, and Sequence. Achievements: Go for 12 entertaining and inventive ways to boost your gamerscore. Geoms: Collect Geoms to increase your multiplier -- but act fast, they won't last forever! New enemies: Shoot down all the usual suspects, then say ""Hello"" to new enemies that have found additional ways to hunt you down. [Activision]",83.99,https://sandbox.oxylabs.io/products/209,7
210,Sid Meier's Civilization V,Strategy; Turn-Based; Historic; 4X,4,"With over nine million units sold worldwide, and unprecedented critical acclaim from fans and press around the world, Sid Meier's Civilization is recognized as one of the greatest strategy franchises of all-time. Now, Firaxis Games will take this incredibly fun and addictive strategy game to unprecedented heights by adding new ways to play and win; new tools to manage and expand your civilization; extensive modding capabilities; and intensely competitive multiplayer options. Civilization V will come to life in a beautifully detailed, living world that will elevate the gameplay experience to a whole new level making it a must-have for gamers around the globe!",80.99,https://sandbox.oxylabs.io/products/210,7
211,Super Mario 3D Land,Action; Platformer; 3D,4,"Get Ready for a New Spin on a Familiar Tail. Super Mario 3D Land reinvents everything fans love about Mario gaming with the first platforming environment in true 3D, without the need for special glasses. Players will experience a new sense of depth, distance and speed while running, jumping and stomping on enemies throughout the levels. Tanooki Mario returns: The fan-favorite Tanooki suit makes its first appearance on the Nintendo 3DS. Use the Tanooki suit’s tail to attack enemies or float gently down from great heights. These abilities help players move through the 3D environments with more confidence. 3D visuals make it easier for players to judge the depths and distances in their environments. Players can more accurately judge the jump to the next platform or how far Mario is from a question block. New and familiar abilities add unique game-play strategies to the adventure. Mario can perform a rolling somersault attack or run fast with a dash move. The Circle Pad gives players complete control to confidently move Mario through fun and challenging environments. New enemies include Goombas with tails, tall stacks of Goombas and a Piranha Plant that spits ink to obscure a player’s view. [Nintendo]",84.99,https://sandbox.oxylabs.io/products/211,7
212,Mario Kart 8 DLC Pack 2,Driving; Kart; Racing; Arcade; Automobile,4,Downloadable goodies for MK 8 players.,89.99,https://sandbox.oxylabs.io/products/212,7
213,Falcon 4.0: Allied Force,Simulation; Flight; Modern Jet; Combat,4,"Pilot three different variants of the F-16 Fighting Falcon -- the best multi-role fighter ever built -- including Block 40, Block 50/52 and MLU variants. Ultra-high fidelity physics modeling closely simulates actual aircraft performance. Engage the enemy in two operational theaters -- Korea and the Balkans -- each covering over a million square Kilometers of territory. Dogfight over a wide variety of landscapes: wide seas, open grasslands, dense forests and snow capped mountains. Fly nap-of-earth missions through detailed terrain and undulating valleys. Launch a variety of air-to-air missiles like the AIM-120 AMRAAM and AIM-9 Sidewinder. Deploy a vast array of air-to-ground weaponry including the AGM-65 Maverick, AGM-88 HARM, cluster bombs, slick and high drag bombs and laser guided ordnance. Weapon systems are simulated using the most accurate publicly available specifications. Simulate an entire war with the most advanced dynamic campaign engine ever made for your PC. This remarkable feature presides over tens of thousands of vehicles: air, land and sea. No two missions ever fly the same! [Graphsim]",77.99,https://sandbox.oxylabs.io/products/213,7
214,Deus Ex: Human Revolution,Action; Action Adventure; Shooter; Sci-Fi; General; First-Person,4,"In Deus Ex: Human Revolution you play Adam Jensen, a security specialist, handpicked to oversee the defense of one of America's most experimental biotechnology firms. But when a black ops team breaks in and kills the scientists you were hired to protect, everything you thought you knew about your job changes. At a time when scientific advancements are routinely turning athletes, soldiers and spies into super-enhanced beings, someone is working very hard to ensure mankind's evolution follows a particular path. You need to discover why - because the decisions you take and the choices you make will be the only things that can determine mankind's future.",85.99,https://sandbox.oxylabs.io/products/214,7
215,Metroid Prime 3: Corruption,Action; Shooter; First-Person; Sci-Fi; Arcade,4,"If you think you knew what it felt like to be the bounty hunter behind the visor, think again. Take aim at evil with Nintendo's revolutionary controller. Players control Samus by moving with the Nunchuk controller and aiming with the pointer, allowing for a level of immersion unlike anything they have ever experienced. Through the eyes of Samus, players experience a quantum leap in first-person control as they wield the Wii Remote, the ultimate device for the first-person shooter genre. Samus employs well-known power-ups like the Grapple Beam and Morph Ball, as well as a bunch of new surprises, to help her survive her coming trials. Saving the planets from Corruption isn't enough, though. Eventually, players must take down Samus' mortal enemy, Dark Samus. [Nintendo]",88.99,https://sandbox.oxylabs.io/products/215,7
216,Flight Simulator 2002,Simulation; Flight; Civilian Plane; Civilian,4,"Includes a wide variety of aircraft for you to fly-from a new Cessna 172S single-engine trainer and a Caravan floatplane to the Boeing 747-400 jumbo jet. You can splash down in a lake, hover in the Bell 206B JetRanger III helicopter, or practice aerobatics in the Extra 300S. [Microsoft]",73.99,https://sandbox.oxylabs.io/products/216,7
217,Banjo-Tooie,Action; Platformer; 3D,4,"Two years after Banjo Kazooie, Banjo and the gang are playing cards when an earthquake happens. Eagerly Mumbo goes out to investigate. He sees two hideous witches reviving Grunty. Mumbo goes back to investigate. Grunty shoots a laser beam at Banjo's house. Mumbo warns everyone but Bottles doesn't belive him. Grunty blows up Banjo's house with Bottles inside and sets off to get her body back. Motivated by revenge Banjo sets out to stop Grunty and revive Bottles.",88.99,https://sandbox.oxylabs.io/products/217,7
218,Uncharted: Drake's Fortune,Action Adventure; Modern; Linear,4,"A 400-year-old clue in the coffin of Sir Francis Drake sets a modern-day fortune hunter on an exploration for the fabled treasure of El Dorado, leading to the discovery of a forgotten island in the middle of the Pacific Ocean. The search turns deadly when Nathan Drake becomes stranded on the island and hunted by mercenaries. Outnumbered and outgunned, Drake and his companions must fight to survive as they begin to unravel the terrible secrets hidden on the Island. Using maps and ancient artifacts, uncover clues and unravel mysteries to find a forgotten island and a treasure that was thought to have never existed. Explore exotic locations. Traverse through living jungles and spectacular 400-year-old ruins. Drake's companions and allies play an important role in the adventure through cooperative mechanics, gun play and exploration. Experience fast-paced gunplay: use a variety of environmental elements for cover, shoot enemies off of moving vehicles in high speed chases and more. Use an array of hand-to-hand fighting moves to put your enemy off balance. Anything from wild haymaker punches to running drop-kicks. Naughty Dog's advanced animation techniques allow Nathan to switch seamlessly between movements and achieve a whole new level of believability in gameplay. Nathan can reload his weapon while dodging bullets and find cover behind a wall, all in one smooth natural motion. [SCEA]",79.99,https://sandbox.oxylabs.io/products/218,7
219,Warcraft III: The Frozen Throne,Strategy; Real-Time; Fantasy; General,4,"The Frozen Throne provides gamers with a vast new chapter in the epic Warcraft saga. In the single-player campaign, players revisit the war-torn world of Azeroth. Several months have passed since Archimonde and the Burning Legion were defeated at the battle of Mount Hyjal, yet a new threat has arisen throughout the land. One new Hero per race, each possessing powerful spells and magical abilities. A host of new units, each equipped with new abilities and spells, giving players the opportunity to create diverse strategic and tactical forms of combat. Player-built shops, unique for each race, equipped with items carefully designed to improve and aid the units of every race. Neutral Heroes, available for recruitment by all players, that can supplement and strengthen a player's army with all new spells and abilities. Expanded multiplayer options over Battle.net including multiple new game types, clan and tournament support. [Blizzard]",92.99,https://sandbox.oxylabs.io/products/219,7
220,Tactics Ogre: The Knight of Lodis,Strategy; Turn-Based; Fantasy,4,"Under the watchful eye of the Holy Lodis Empire, strange things are happening on the island of Ovis. Powerful forces have been set in motion, but their motives are masked by political intrigue. It is your mission to investigate these occurrences and discover the true intentions of those involved. The ending of the game will depend on the actions that the main character, Alphonse, takes. You will make many revelations as you proceed, but you must survive the unrelenting battles and cultivate your characters' abilities to unveil the ultimate truth.",88.99,https://sandbox.oxylabs.io/products/220,7
221,Starcraft,Strategy; Real-Time; Sci-Fi; Command,4,"In the distant future a small group of human exiles have been doomed to fight for survival on the edge of the galaxy. Through military strength, espionage and deceit, a unified Terran government has maintained an uneasy peace. As resources run short, however, these Confederate nations find themselves looking towards the rich worlds of their alien neighbors, the enigmatic Protoss. To further complicate matters, it seems that a previously unknown and deadly species known only as the Zerg has entered Protoss space and is destroying everything in its path. The time for war has come... As the military leader for your species, you must gather the resources you need to train and expand your forces and lead them to victory. 30 unique missions will challenge you across three different campaigns as you control the fate of the galaxy.",91.99,https://sandbox.oxylabs.io/products/221,7
222,The Last of Us: Left Behind,Action Adventure; General; Modern,4,"Ellie returns as new light is shed on her relationship with Riley, her best friend from the military boarding school in which they both grew up. After inexplicably disappearing for weeks, Riley reappears in Ellie’s life with a surprising revelation. The two sneak out of their school for the last time, leading to a series of events that might forever change their lives.",47.99,https://sandbox.oxylabs.io/products/222,7
223,Star Wars Pinball: Balance of the Force,Action; Miscellaneous; Parlor; Pinball,4,"Feel the disturbance in the Force in Star Wars Pinball: Balance of the Force, featuring three brand new Star Wars pinball tables. The pack includes Star Wars: Episode VI Return of the Jedi, Starfighter Assault, and a table dedicated to Darth Vader.",61.99,https://sandbox.oxylabs.io/products/223,7
224,The Secret of Monkey Island: Special Edition,Adventure; General; Point-and-Click,4,"[Xbox Live Arcade] Pirates! Adventure! Monkeys! Relive the hilarious swashbuckling misadventures of the wannabe pirate Guybrush Threepwood as he attempts to become the most infamous pirate in the Caribbean! Back by popular demand, The Secret of Monkey Island: Special Edition faithfully re-imagines the internationally-acclaimed classic pirate adventure game from LucasArts in gorgeous HD detail. Featuring an all new re-imagined contemporary art style, hand-drawn and presented in 1080p, complete voice over by members of the original Monkey Island - franchise cast, a re-mastered musical score using live instruments, plus scene-for scene-hot swap to seamlessly transition between Special Edition and Classic modes at anytime. Embark on a bumbling misadventure in an attempt to become the most infamous pirate in the Caribbean, win the heart of the beautiful governor, Elaine Marley, and confront the evil ghost pirate, LeChuck! The game is all-new and re-imagined with a contemporary art style, hand-drawn and presented in 1080p. Complete voice over using original Monkey Island franchise cast members brings the story and characters to life like never before. Enjoy the re-mastered and re-recorded musical score using live instruments. Scene-for-scene hot swap lets you seamlessly transition between Special Edition and Classic modes at anytime during gameplay. The all-new intuitive game interface and controls provide a more interactive gameplay experience. Hint system: Not sure what to do next? The in-game puzzle hint system keeps the puzzles fresh and fun. [LucasArts]",84.99,https://sandbox.oxylabs.io/products/224,7
225,Project Gotham Racing 3,Driving; Racing; Simulation; GT / Street; Automobile,4,"The original Kudos challenge: Powersliding, pulling off a 360, getting airtime, staying on the race line, drafting, and getting up on two wheels will earn gamers Kudos points for their style and skill. Take the wheel of more than 80 authentically modeled and licensed supercars from manufacturers such as Ferrari, Dodge, and Lamborghini with fully modeled interiors, functioning dashboards and individually recorded engine roars. Drive in New York, Tokyo, and many other cities, all brought to life with motion-captured crowds of people. Show off in front of a global audience. With GothamTV, gamers can watch any player in the world on live news feeds, get live ticker-tape information when friends break records, and compete with anyone, anywhere, anytime. [Microsoft]",79.99,https://sandbox.oxylabs.io/products/225,8
226,The World Ends with You,Role-Playing; Action RPG,4,"The story begins as our hero, Neku, wakes up amidst the hustle and bustle of Shibuya, Tokyo. Confused and disoriented, he receives a message on his phone warning him that he will cease to exist unless he completes a certain mission. With his life seemingly on the line, Neku plunges into the back streets of the urban labyrinth... Experience the urban grit and neon of the coolest district in Tokyo with a distinctive, high quality style of in-game artwork. Meet an achingly hip cast of characters each with an interesting personality and stylish sense in fashion, music and culture. Highly innovative and intuitive combat system that makes full use of the Nintendo DS Touch Screen, Dual Screens and Microphone. Use psychic powers to read the thoughts of the population, put words into people's minds, and move objects to help you progress in your adventure. Immerse yourself in an amazing audio soundtrack featuring a diverse fusion of bleeding-edge hip-hop, rock, and techno. A tale of friendship, hope and overcoming your challenges, creatively told with a modern edge. Shop till you drop: Keep abreast of the latest Trends to stay one step ahead of the fashion scene and your enemies. Trade items with friends using Nintendo Wi-Fi Connection too. Action-packed minigame fun that can be enjoyed by up to four players via DS Wireless Play. Engage the Chance Encounter mode via DS Wireless Play to share data with fellow game users you bump into in the real world. [Square Enix]",87.99,https://sandbox.oxylabs.io/products/226,8
227,Dishonored 2,Action Adventure; General,4,"Dishonored 2 takes your protagonist, Corvo Attano or Emily Kaldwin, to the coastal city of Karnaca where the choices you make will have significant impact on the world.",80.99,https://sandbox.oxylabs.io/products/227,8
228,Injustice 2: Legendary Edition,Action; Fighting; 2D,4,None,77.99,https://sandbox.oxylabs.io/products/228,8
229,Divinity: Original Sin Enhanced Edition,Role-Playing; Action RPG; Western-Style,4,"Divinity Original Sin: Enhanced Edition is a much lauded Role-Playing-Game that blends deep customization and humor with dynamic turn based combat. Either in online co-op, split-screen co-op on your TV, or even alone, take advantage of a classless RPG system to create your heroes and conquer the evils of Rivellon! Embark upon a journey with up to three companions as you bend the very fabric of time, where what seems like the case of a simple murder unravels into hours of quests facing fiendish foes, magical polymorphs, and dastardly bosses. As a Source Hunter, master the elements and use the environment to your advantage in dynamic combats mixing weather and magic to explode, poison, electrify, freeze and burn your enemies!",80.99,https://sandbox.oxylabs.io/products/229,8
230,Minecraft: Xbox One Edition,Action Adventure; Adventure; 3D; Sandbox; First-Person; Fantasy,4,Minecraft: Xbox One Edition is a game about placing blocks to build anything you can imagine and was revealed at E3 that it will be coming to the Xbox One.,73.99,https://sandbox.oxylabs.io/products/230,8
231,JSRF: Jet Set Radio Future,Action; Platformer; 3D,4,"The setting is Tokyo, in the year 2024. Featuring unique anime-style graphics and tons of tricks, JSRF: Jet Set Radio Future brings the hippest game ever into a futuristic world. Choose a character, strap on your rocket-powered skates, and immerse yourself in the vast environments. The multiplayer aspects let you work together to reach seemingly unattainable places, create new attacks, and perform astounding stunts. Wherever your adventure takes you, it's all about extreme skating, extreme action, and of course extreme style.",83.99,https://sandbox.oxylabs.io/products/231,8
232,Red Faction,Action; Shooter; First-Person; Sci-Fi,4,"Half-Life"" meets ""Total Recall"" in THQ's innovative first-person shooter which employs Geo-Mod technology (see a bunch of stuff blow up in real time!) and a heavy Martian mining colony storyline.",79.99,https://sandbox.oxylabs.io/products/232,8
233,Myth II: Soulblighter,Strategy; Real-Time; Fantasy; General,4,"Building on the excellent plot and gameplay featured in Myth: The Fallen Lords, Myth II: Soulblighter also upped the ante by incorporating destructible environments as well as new game modes. The near-infinite gameplay permutations that ensued, ensured that Myth fans had lots of new toys to play with in the game world. Myth II also enjoyed a comprehensive update in the shape of the the Myth II expansion pack: Chimera. [Bungie Studios]",88.99,https://sandbox.oxylabs.io/products/233,8
234,Ninja Gaiden Sigma,Action Adventure; Fantasy; General,4,"As Ryu Hayabusa you are out to seek revenge after your clan is massacred by the Vigor Empire. Realistic battle actions and acrobatic ninja moves are at your finger-tips. You play with only your wits, your ninja skills, and your deadly sword. Slice down opponents in the Vigor Empire as you attempt to beat the Holy Emperor and reclaim the magic sword ""Ryuken"". Bringing the classic to the PlayStation 3, Ninja Gaiden Sigma is a more ""complete version"" of the Xbox Team Ninja title, with new moves, actions, and weapons for Hayabusa. Also added is a new playable character -- Racheal, one of the series' heroines, will be playable, and when using her, you'll get to experience the storyline from her perspective (with new cutscenes, attack moves and more.) [Tecmo]",76.99,https://sandbox.oxylabs.io/products/234,8
235,Fire Emblem Fates: Special Edition,Strategy; Turn-Based; Tactics,4,"Fire Emblem Fates Special Edition Includes: All 3 Versions of Fire Emblem: Fates (Birthright, Conquest, Revelation*) on a Single Cartrige. *Allows purchasers to play Revelations three weeks prior to launch on eshop. It's the only way to get all Three Versions on a Single Cartridge. Also includes a Hardcover Art Book and Nintendo 3DS XL Carrying Pouch featuring Game Art. Two kingdoms are on the brink of war. Whose side will you choose? Torn between two families, you’re an heir of Hoshido, raised by Nohrian royals. If you walk the path of Conquest, you must fight to change your misguided kingdom from within. Command warriors with expert precision and forge deep relationships to master this turn-based strategy game.",80.99,https://sandbox.oxylabs.io/products/235,8
236,Pinball FX 2,Action; Miscellaneous; Parlor; Pinball,4,"Pinball FX is back, and it’s better than ever! Pinball FX 2 offers improved graphics and a host of new features for novices and experts alike: a new state-of-the-art physics model that surpasses anything available so far, Operators Menu with custom settings and advanced play info, automatic in-game challenges against your friends, and split-screen local multiplayer mode-a first in video pinball history! Pinball FX 2 also offers full backward compatibility for Pinball FX owners-download Pinball FX 2 free and play all your Pinball FX tables within Pinball FX 2!",82.99,https://sandbox.oxylabs.io/products/236,8
237,Final Fantasy Tactics: The War of the Lions,Strategy; Turn-Based; Fantasy; Tactics,4,"[Metacritic's 2007 PSP Game of the Year] Originally released in 1997, Final Fantasy Tactics: The War of the Lions is a portable update on the classic turn-based strategy game that gave birth to the world of Ivalice. In development exclusively for the PSP system, FINAL FANTASY TACTICS: The Lion War features PSP system exclusive content not found on the original classic including all-new CG sequences, all-new jobs, new 16:9 widescreen presentation, new head-to-head multiplayer and new storyline elements that refine the genesis of the IVALICE ALLIANCE. [Square Enix]",91.99,https://sandbox.oxylabs.io/products/237,8
238,NHL 11,Sports; Traditional; Team; Ice Hockey; Sim,4,"Celebrating its 20th year, the franchise that captured 22 ‘Sports Game of the Year’ awards has raised the bar yet again with NHL® 11. Powered by an all-new Real-Time Physics Engine, NHL 11 lets you create highlight reel moments as you experience adrenaline-pumping NHL action with bigger hits, broken sticks, and faster dangles. Whether you’re beginning your career in the Canadian Hockey League, dominating rivals in the EA SPORTS Hockey League, or assembling Hockey’s Ultimate Team, any moment can be a ‘WOW’ moment with NHL 11.",77.99,https://sandbox.oxylabs.io/products/238,8
239,Wario Land 4,Action; Platformer; 2D,4,"Hey! You! Yeah, you! Listen up when Wario's talking to you! I just read about this legendary Pyramid of Gold, and you're gonna help me go explore it. There's lots of treasure in there for the taking, and I want it all. I'm sure there are gonna be all kinds of weird enemies and big, bad bosses in there, so if you don't think you can hack it, put the game down now. I don't want any losers making me jump into bottomless pits, you hear me?",87.99,https://sandbox.oxylabs.io/products/239,8
240,Metroid Dread,Action Adventure; Open-World,4,"Join intergalactic bounty hunter Samus Aran in her first new 2D Metroid™ story in 19 years. Samus’ story continues after the events of the Metroid™ Fusion game when she descends upon planet ZDR to investigate a mysterious transmission sent to the Galactic Federation. The remote planet has become overrun by vicious alien lifeforms and chilling mechanical menaces. Samus is more agile and capable than ever, but can she overcome the inhuman threat stalking the depths of ZDR? Face off against unrelenting E.M.M.I. robots Once DNA-extracting research machines, the imposing E.M.M.I. are now hunting Samus down. Tensions are high as you evade these E.M.M.I. to avoid a cruel death while finding a way to take them down. Find out what turned these robotic wonders into the scourge of ZDR and escape with your life. Feel Samus’ power grow as you gain maneuvers and abilities Acquire new and familiar abilities as you traverse the many environments of this dangerous world. Parkour over obstacles, slide through tight spaces, counter enemies, and battle your way through the planet. Return to areas and use your new abilities to find upgrades, alternate paths, and a way forward. Explore the sprawling map, evade and destroy E.M.M.I. robots, and overcome the dread plaguing ZDR.",88.99,https://sandbox.oxylabs.io/products/240,8
241,The Elder Scrolls III: Morrowind Game of the Year Edition,Role-Playing; First-Person,4,"The Elder Scrolls III: Morrowind Game of the Year Edition includes the original game of Morrowind, plus the Tribunal and Bloodmoon expansions. In Morrowind, you can explore exotic locations, including epic dungeons, detailed cities, and vast landscapes. Each area in Tribunal comes complete with new creatures, quests, armor, and weapons. Bloodmoon takes you into the frozen island of Solstheim, where you can become a werewolf and indulge your thirst for the hunt. Morrowind and its expansions feature enhanced graphics, in-depth gameplay, and innovative character development.",86.99,https://sandbox.oxylabs.io/products/241,8
242,WarioWare: Twisted!,Miscellaneous; Puzzle; General,4,"After accidentally discovering spin technology, Wario reassembles the developers at WarioWare, Inc. to make a new set of wild minigames. WarioWare: Twisted! maintains the fast-paced style of gameplay from the original WarioWare and introduces a new gyro sensor that lets you control the gameplay by rotating the Game Boy Advance SP left and right. The new controls play into more than 200 minigames. Play through them all to unlock souvenirs, such as bonus games, figurines, and instruments.",87.99,https://sandbox.oxylabs.io/products/242,8
243,Halo: The Master Chief Collection - Halo 3,Action; Shooter; First-Person; Arcade,4,"Halo 3 is the third game in the Halo Trilogy and provides the thrilling conclusion to the events begun in ""Halo: Combat Evolved."" Halo 3 will pick up where ""Halo 2"" left off. The Master Chief is returning to Earth to finish the fight. The Covenant occupation of Earth has uncovered a massive and ancient object beneath the African sands - an object who's secrets have yet to be revealed. Earth's forces are battered and beaten. The Master Chief's AI companion Cortana is still trapped in the clutches of the Gravemind - a horrifying Flood intelligence, and a civil war is raging in the heart of the Covenant. This is how the world ends...",79.99,https://sandbox.oxylabs.io/products/243,8
244,Pokemon Y,Role-Playing; Console-style RPG; Trainer,4,"Pokemon X and Y are the first mainline Pokemon games made for the 3DS and feature a mix of Pokemon old and new as well as a trio of new starting Pokemon - a watery toad Froakie, a fiery deer Fennekin, and a grass monster Chespin.",75.99,https://sandbox.oxylabs.io/products/244,8
245,Return to Castle Wolfenstein,Action; Shooter; First-Person; Historic; Arcade,4,"As B.J. Blazkowicz, a highly decorated Army Ranger recruited into the Office of Secret Actions, you are tasked with escaping and then returning to Castle Wolfenstein in an attempt to thwart Heinrich Himmler's occult and genetic experiments. Through genetic engineering and the harnessing of occult powers, Himmler hopes to raise an unstoppable army to level the Allies once and for all. You must first escape from imprisonment in the castle to report the strange creatures and happenings in and around Wolfenstein to the OSA. Your mission takes a drastic turn as you learn the depth of Himmler's plans and what you must do to defeat the evil he has unleashed. [Activision]",87.99,https://sandbox.oxylabs.io/products/245,8
246,Ratchet & Clank: Rift Apart,Action; Platformer; 3D,4,"Ratchet & Clank: Rift Apart is an intergalactic adventure from Insomniac Games that showcases what’s possible for games designed around PS5’s SSD and DualSense wireless controller. Players seamlessly travel through different dimensions in mid-gameplay. The DualSense wireless controller brings combat to life, with haptic feedback and the adaptive triggers adding powerful sensations that increase immersion in combat.",87.99,https://sandbox.oxylabs.io/products/246,8
247,NBA Street,Sports; Traditional; Basketball; Arcade,4,"NBA stars take their skills to the streets--but out here, style and attitude win ball games. NBA Street lets you play in three-on-three basketball games that encourage flashy dunks, blocks, passes, and dribbles. The more you showboat, the greater your momentum meter becomes, thus boosting your team with a special game-breaking move. From East to West Coast, you'll compete against NBA stars, NBA legends, and street hoopsters while gaining points to unlock even more players.",60.99,https://sandbox.oxylabs.io/products/247,8
248,Shogo: Mobile Armor Division,Action; Shooter; First-Person; Sci-Fi; Arcade,4,"Choose from four ultra powerful transforming Mobile Combat Armor suits, each with its own advantages and strengths. Find tons of powerups and enhancements to improve your MCA's performance. In addition to piloting your MCA through deadly outdoor, underground, and city missions, you will be able to dock in certain areas and strike out on foot to complete objectives. There may even be a surprise or two in store... Shogo: Mobile Armor Division uses Monolith?s LithTech - one of the most advanced next-generation 3D engines in gaming. [Monolilth]",84.99,https://sandbox.oxylabs.io/products/248,8
249,Thirty Flights of Loving,Adventure; General; 3D; First-Person,4,"Explore the world of Thirty Flights of Loving through a first-person short story. In this sequel to Gravity Bone, take a deep dive with high-flying schemers, lovelorn criminals, and more stray kittens than you can shake a stick at. Saddle up, gunslinger.",50.99,https://sandbox.oxylabs.io/products/249,8
250,Hearthstone: Heroes of Warcraft,Card Battle; Strategy; Miscellaneous; Turn-Based,4,"Hearthstone is a free-to-play digital strategy card game that anyone can enjoy. Players choose one of nine epic Warcraft heroes to play as, and then take turns playing cards from their customizable decks to cast potent spells, use heroic weapons or abilities, or summon powerful characters to crush their opponent.",58.99,https://sandbox.oxylabs.io/products/250,8
251,Unity of Command II,Strategy; Turn-Based; 4X,4,Unity of Command II is the sequel to one of the most critically acclaimed strategy games of all time; a game critics called 'the perfect gateway' into computer war games.,77.99,https://sandbox.oxylabs.io/products/251,8
252,Ghost of Tsushima: Director's Cut,Action Adventure; Open-World,4,"Ghost of Tsushima Director's Cut includes: Ghost of Tsushima full game; Iki Island expansion: New story, mini-games, enemy types and more*; Legends online co-op mode; Downloadable content: Digital mini art book, Director's commentary, One Technique Point, Charm of Hachiman's Favor, Hero of Tsushima Skin Set. PS5 Features: Dynamic 4K resolution targeting 60fps (requires compatible 4K TV or display). DualSense™ wireless controller haptic feedback and adaptive trigger resistance. 3D Audio (with analog or USB stereo headphones). Lip sync for Japanese voiceover. Ability to transfer PS4 saved progress to PS5 game.",67.99,https://sandbox.oxylabs.io/products/252,8
253,Grand Theft Auto: Liberty City Stories,Action Adventure; Modern; Open-World,4,"Grand Theft Auto: Liberty City Stories is an entirely new game in the Grand Theft Auto series and brings a mobile dimension to this epic experience. The original storyline and all new missions take place in Liberty City, featuring the interactive, open environment, voice talent and diverse music that have become pioneering trademarks of the series. [Rockstar]",77.99,https://sandbox.oxylabs.io/products/253,8
254,Medieval II: Total War,Strategy; Real-Time; Historic; General,4,"Medieval 2: Total War boasts an impressive array of new graphical and gameplay enhancements, including the capability for a massive 10,000 dynamic characters to be taken into battle at any one time. On top of this, The Creative Assembly have implemented a fully redesigned multiplayer mode that offers a dynamic multi-battle campaign bolstered by an unprecedented level of visceral combat choreography that reflects the brutality of medieval warfare. Set in the most turbulent and bloody era in European history, Medieval 2: Total War allows gamers to lead their armies across the battlefields of Europe and the Holy Land before discovering the Americas and doing battle with the fearsome Aztecs. Medieval 2: Total War offers a vastly enhanced terrain model to create new graphically rich environments portraying breathtaking cliff top castles and enhanced settlement features that are unique to each civilisation. [Sega]",90.99,https://sandbox.oxylabs.io/products/254,8
255,Super Mario Maker 2,Action; Platformer; 2D,4,"Mario fans of the world, unite! Now you can play, create, and share the side-scrolling Super Mario courses of your dreams in the Super Mario Maker 2 game, available exclusively on the Nintendo Switch™ system! Dive into the single-player Story Mode and play built-in courses to rebuild Princess Peach’s castle. Make your own courses, alone or together. And with a Nintendo Switch Online membership*, share your courses, access a near-endless supply made by others, enjoy online multiplayer, and more. A new side-scrolling Mario adventure that unleashes the creative potential of Super Mario Maker 2 awaits in Story Mode, which contains over 100 built-in courses. And in Course Maker, a wide range of parts, tools, and more are available so you can construct your own courses. Want coin-shooting cannons? Bowser riding on a giant Goomba? Cat Mario sliding down slopes to take out an army of baddies? Go for it! You call the shots. Pass a Joy-Con controller to a partner to build cooperatively on a single system.",85.99,https://sandbox.oxylabs.io/products/255,8
256,Sly 2: Band of Thieves,Action; Platformer; 3D,4,"Incorporating a creative new approach to team play, Sly and his crew work together to plan and pull off a series of big heists. With an enhanced move set, including pick-pocketing, vent crawls, rooftop chases, and stealth attacks, and a team of unique playable characters, Sly 2: Band of Thieves delivers a true thieving experience as players explore the open environments and must think on their feet to survive. Sly 2: Band of Thieves breaks the rules of convention and truly immerses players into a world with no laws or boundaries. Sly and his crew are back! Say goodbye to the Brat Pack as you know it because there's a new Raccoon Pack in town that is raring to go. Word is out that Interpol has excavated the robotic remains of Clockwerk -- Sly's nemesis and sworn enemy of the Cooper clan. Sly and his gang discover the parts of Clockwerk are missing, and embark on a quest to ensure Clockwerk is never reassembled. The journey takes Sly and his crew to the far reaches of the globe, and along the way experience a plot full of deceit, surprising twists, and an exciting romantic triangle that will leave you wanting more. [SCEA]",90.99,https://sandbox.oxylabs.io/products/256,8
257,Doom 3,Action; Shooter; First-Person; Sci-Fi,4,"A massive demonic invasion has overwhelmed the Union Aerospace Corporation's (UAC) Mars Research Facility, leaving only chaos and horror in its wake. As one of only a few survivors, you must fight your way to hell and back against a horde of evil monsters. The path is dark and dangerous, but you'll have an array of weapons--including a pistol, a chainsaw, grenades, and more--to use for protection.",81.99,https://sandbox.oxylabs.io/products/257,9
258,Tekken: Dark Resurrection,Action; Fighting; 3D,4,"TEKKEN: Dark Resurrection arrives on the PSP. New characters Lili and Dragunov join the classic cast such as Jin, Heihachi, Paul and Law in the battle to be crowned King of the Iron Fist Tournament. An all-new intro movie lets you dive into the midst of the world of TEKKEN, this time with ad-hoc multiplayer mode to fight against friends as well as more items to customize your favorite characters. The beauty of TEKKEN is re-created on the handheld console, delivering one of the most realistic graphics on a handheld platform. A variety of destructible objects pump up the action on 19 stages. Play as one of over 30 characters, including classics Jin, Heihachi, Paul, Law and more. New characters Lili and Dragunov join the classic cast with all-new fight styles and moves. Collecting victories to lead your character to become king rewards you with ending movies for each character. Use your fight money to customize your characters – with more than double the items seen in TEKKEN 5. Using Wi-Fi connectivity of the PSP platform, you can battle against your friends – take your customized, original character against theirs and let the battle unfold. Mini-games provide a little breather from heart-pumping fighting action for more fun against friends. [Namco]",86.99,https://sandbox.oxylabs.io/products/258,9
259,The Stanley Parable,Action; Adventure; General; 3D; First-Person; Modern,4,"The Stanley Parable HD Remix is an updated version of the Half-Life 2 mod The Stanley Parable. It is a first person exploration game. You will play as Stanley, and you will not play as Stanley. You will follow a story, you will not follow a story. You will have a choice, you will have no choice. The game will end, the game will never end. [Steam]",80.99,https://sandbox.oxylabs.io/products/259,9
260,Slay the Spire,Strategy; Turn-Based; Card Battle,4,"Slay the Spire is an energetic fusion of card games and roguelikes. Choose your cards wisely. Craft a unique deck, encounter bizarre creatures, discover relics of immense power, and make your way up the ever-changing Spire.",69.99,https://sandbox.oxylabs.io/products/260,9
261,Guacamelee! Gold Edition,Action; Platformer; 2D,4,"Guacamelee! is a Metroid-vania style action-platformer set in a magical Mexican inspired world. The game draws its inspiration from traditional Mexican culture and folklore, and features many interesting and unique characters. Guacamelee builds upon the classic open-world Metroid-vania style of games, by adding a strong melee combat component, a new dimension switching mechanic, and cooperative same-screen multiplayer for the entire story. The game also blurs the boundaries between combat and platforming by making many of the moves useful and necessary for both of these.",75.99,https://sandbox.oxylabs.io/products/261,9
262,Counter-Strike: Source,Action; Shooter; First-Person; Tactical; Modern,4,"Valve has taken a large selection of the maps from Counter-Strike 1.6 - Office, Havana, Italy, Aztec, Chateau, Cobble, Piranesi and of course eternal favourites Dust and Dust 2, and recreated them for the source engine. This means all new textures and major aesthetic changes with more complex buildings and scenery. In addition, the levels are scattered with objects that react realistically with the Source engine's physics engine. [GamersEurope.com] The game is available through Valve's Steam downloading service and is distributed with ""Half-Life 2.",89.99,https://sandbox.oxylabs.io/products/262,9
263,Fire Emblem,Strategy; Turn-Based; Fantasy,4,"Marshall your forces and draw your steel--Fire Emblem has arrived. Fire Emblem combines strategy and role-playing in a story heavy on royal intrigue and backstabbing. As a military strategist, you must choose the best method of attack whether it is swooping from the sky with your Pegasus Knights or striking with a phalanx of armored juggernauts to crush the opposition. With dozens of soldiers, weapons, and magic spells at your service, Fire Emblem equips you with everything you need to dominate the battlefield.",90.99,https://sandbox.oxylabs.io/products/263,9
264,Fire Emblem Fates: Revelation,Strategy; Turn-Based; Tactics,4,Requires full version of Fire Emblem Fates: Conquest or Fire Emblem Fates: Birthright.,73.99,https://sandbox.oxylabs.io/products/264,9
265,Need for Speed: High Stakes,Driving; Racing; Arcade,4,"It doesn't really mess with the formula of the last game, but adds enough new features and options to keep its fans excited.",85.99,https://sandbox.oxylabs.io/products/265,9
266,Street Fighter III: Third Strike Online Edition,Action; Fighting; 2D,4,Street Fighter III: Third Strike Online Edition brings the classic fighting title to PS3 and Xbox 360.,72.99,https://sandbox.oxylabs.io/products/266,9
267,Professor Layton and the Unwound Future,Miscellaneous; Puzzle; General,4,"Professor Layton and his apprentice, Luke, receive a confounding letter - from Luke 10 years in the future. But the message inside is even more troubling: London of the future is in disarray, and the only person who can help set things right is Professor Layton.",87.99,https://sandbox.oxylabs.io/products/267,9
268,We Love Katamari,Action; General,4,"We Love Katamari features the diminutive yet determined Prince with an assortment of celestial cousins and the eccentric King of All Cosmos. The King of All Cosmos grew to stardom after taking all of the Prince's katamaris and replacing the stars. His fans knew no bounds and wished to see more katamaris fill the sky. The King of All Cosmos desired to appease all of their requests and recruited the Prince and his cousins to help. Now they are tasked with rolling up even more clumps, each larger and more different than the one before. In We Love Katamari, players find themselves in various new locations around Earth as the Prince and his cousins roll up different katamaris according to the fans' requests. We Love Katamari continues the series' trademark graphical style and musical excellence with an original soundtrack and hundreds of brand new items including Koi fish, angels and famous Earthly landmarks to roll up. The Prince's celestial rolling has no boundaries; as his katamari grows larger, he can roll up literally everything in his path – from underwater creatures to mountains and even the Eiffel Tower itself! Players can also roll with a friend in the all-new two-player cooperative mode. With each player controlling part of the clump, they will have to devise new strategies and communicate their rolling intentions in a new level of katamari madness. Battle Mode has also returned to We Love Katamari in extended form with three size scopes for competitive rolling action. [Namco]",88.99,https://sandbox.oxylabs.io/products/268,9
269,Worldwide Soccer Manager 2008,Sports; Traditional; Team; Soccer; Management,4,"(Also known as ""Worldwide Soccer Manager 2008"") Football Manager returns before Christmas packed full of new features for fans of the much-acclaimed series from Sports Interactive to feast their eyes on. Transfer Center - A new way of managing all current transfer and loan bids for your club, both incoming and outgoing, making it easier to compare bids and reject or accept them. Finance Revamp - Sports Interactive have updated the finance area of Football Manager 2008 to better reflect the ever-changing modern football world. More information is available to the manager too, including, but not limited to, corporate matchday income, season ticket news, investment funds, improved sponsorships, collective win bonuses and the ability to move around funds from the wage budget and transfer budget (and vice versa) at any point to help you in your quest for the ideal squad. International Management - The international management gameplay has been completely revamped for Football Manager 2008, including, but not limited to, media improvements, international retirements, player interaction, international scouting, improved national pool selection, captain selection and a separation of international and club morale for players. Match Flow - The largest change to matchdays in a Sports Interactive game since the introduction of the 2D match engine. Match flow brings more atmosphere to matchdays with match previews, team talks, opposition player instructions, the match itself, half time and post match now seamlessly following on from one another. There's no more pausing to make tactical changes and you'll find a mini-radar pitch whilst making those tactical changes to keep you in touch with what's going on in the match. [Sega Europe]",73.99,https://sandbox.oxylabs.io/products/269,9
270,Dance Central 2,Action; Miscellaneous; Rhythm; Dancing,4,Dance Central 2 is the sequel to the popular Dance Central game.,81.99,https://sandbox.oxylabs.io/products/270,9
271,Sly Cooper and the Thievius Raccoonus,Action; Platformer; 3D,4,"Sly Cooper was born into the world's greatest thieving family. On his eighth birthday, Sly is presented with the ""Thievius Raccoonus,"" an ancient thieving instruction guide passed down through his family for generations. Later that evening, a gang of ruthless villains break into his harmonious home to steal the valuable heirloom. As Sly watches in terror, the intruders overpower his father and split the ""Thievius Raccoonus"" into pieces, which they divide between themselves. Ten years later, Sly is out to steal the ""Thievius Raccoonus"" back and reclaim what is rightfully his. He enlists the help of his gadget genius pal, Bentley, and his big eager friend Murray, and the trio embark on a quest to help Sly prove he is the world's greatest thief and to restore honor to his family's name. [Sucker Punch]",85.99,https://sandbox.oxylabs.io/products/271,9
272,IL-2 Sturmovik: Forgotten Battles,Simulation; Flight; WWII; Combat,4,"With 20 new single player missions and 10 new cooperative multiplayer missions, and a new dynamic campaign system, Forgotten Battles expands the aerial battlefield for IL-2 owners, adding almost limitless replayability. The expansion pack also adds 27 new flyable planes, and 12 new AI controlled aircraft to faithfully recreate the WWII aerial combat experience.",80.99,https://sandbox.oxylabs.io/products/272,9
273,DiRT 3,Driving; Racing; Simulation; Rally / Offroad; Automobile,4,"DiRT 3 will boast more cars, more locations, more routes and more events than any other game in the series, including over 50 rally cars representing the very best from five decades of the sport. DiRT 3 delivers mud, sweat and gears world over: from the intense weather-beaten rally stages of Europe, Africa and the US, to executing performance driving showcases and career challenges where car control is pushed to spectacular limits.",70.99,https://sandbox.oxylabs.io/products/273,9
274,Minecraft: PlayStation 3 Edition,Fantasy; Action Adventure; Adventure; 3D; Sandbox; First-Person,4,"Imagine it, and you can build it. Create your very own game world and explore, build and conquer. When night falls the monsters appear, so ensure you’ve made yourself a shelter before they arrive. Make it through the night and the world is only limited by your imagination you choose what you want to make or what to do. Play on your own, cooperatively with friends in 2 player and 4 player split screen modes, or online with up to 8 players. Split screen option requires HD TV with HD connection.",68.99,https://sandbox.oxylabs.io/products/274,9
275,Devotion,Action Adventure; Survival,4,"Devotion is a first-person atmospheric horror game depicting the life of a family shadowed by religious belief. Explore a 1980s Taiwan apartment complex lost in time gradually shift into a hellish nightmare. Delve into the vows each member of the family has made, and witness their devotion.",78.99,https://sandbox.oxylabs.io/products/275,9
276,The Legend of Zelda: Four Swords Adventures,Action Adventure; Fantasy,4,"The legend continues on the GameCube in an all-new epic adventure for one to four players. To thwart Vaati's vile forces, Link turns to the mystical power of the Four Swords to split himself into four colored copies of himself. Now you and your friends can simultaneously participate in cooperative and competitive action and master skills and techniques new to the Legend of Zelda series. In Four Swords Adventures, up to four players can link their Game Boy Advances to the GameCube to join a fun and intense competition for Force Gems while cooperating to move massive blocks, trigger switches, and slay mighty bosses.",75.99,https://sandbox.oxylabs.io/products/276,9
277,Joe Danger,Driving; Racing; Arcade; Automobile,4,"[Playstation Network] Take control of Joe Danger, motorbike stuntman, and break world records in this 3D side-scrolling stunt-em-up.",77.99,https://sandbox.oxylabs.io/products/277,9
278,Tales of Symphonia,Role-Playing; Console-style RPG,4,"In a dying village on Sylvarant, legend has it that a Chosen One will one day appear from among the people, and the land will be reborn. Now, you must enter a cel-shaded world in which you command real-time battles. Execute and combine hundreds of special attacks, magic spells, and combos. Each character grows to suit your fighting style, and the storyline changes based on the characters' relationships. The line between good and evil blurs in this immersive adventure where the fate of two interlocked worlds hangs in the balance.",90.99,https://sandbox.oxylabs.io/products/278,9
279,Unreal Tournament 2003,Action; Shooter; First-Person; Sci-Fi; Arcade,4,"Reload with Unreal Tournament 2003 - the sequel to 1999's multiple 'Game of the Year' award winner - ""Unreal Tournament."" Using the latest Unreal technology, Unreal Tournament 2003 takes you to the merciless arenas of the future, where elite warriors rely on skill, speed, cunning and awesome firepower to demonstrate their style and become the ultimate champion. [Infogrames]",78.99,https://sandbox.oxylabs.io/products/279,9
280,Age of Wonders II: The Wizard's Throne,Strategy; Turn-Based; Fantasy; General,4,"Delivering an invigorating mix of Empire Building, Role-playing, and Warfare, Age Of Wonders II offers the ultimate in fantasy turn-based strategy. Explore a world full of mythical creatures and mysterious lands. Build an impressive force as an all-powerful Wizard through dangerous perils and exhilarating challenges. Now is your time to embrace your destiny and take your rightful place at the head of the Circle, forever. [GodGames]",85.99,https://sandbox.oxylabs.io/products/280,9
281,Daytona USA,Driving; Racing; Arcade,4,"Feel the thundering sound of finely tuned engines and the scent of burning rubber as you await the 'Rolling Start'! Immerse yourself in the blistering speed and white-knuckle action of Daytona USA 2001, the enhanced version of the most renowned arcade racing classic of all time, featuring exclusive new tracks, secret un-lockable vehicles and if you have the skill, you can upload/download fastest times and ghost data via the internet ranking board.",85.99,https://sandbox.oxylabs.io/products/281,9
282,Links 2001,Sports; Traditional; Individual; Golf; Sim,4,"Features an all-new graphics rendering engine, perfected ball physics, new tour players and courses, and the new Arnold Palmer Course Designer (APCD). [Microsoft]",63.99,https://sandbox.oxylabs.io/products/282,9
283,EverQuest: The Ruins of Kunark,Role-Playing; Massively Multiplayer Online; Massively Multiplayer; Fantasy,4,"An entire world with its own diverse species, economic systems, alliances, and politics awaits you. Choose from a variety of races and classes, and begin your quest in any number of cities or villages throughout several continents. From there, equip yourself for adventure, seek allies and knowledge, and head out into a rich world of dungeons, towers, crypts, evil abbeys -- anything conceivable -- even planes and realities beyond your imagination. Learn skills, earn experience, acquire treasure and equipment, meet friends and encounter enemies. A multitude of quests and adventures await, but you choose your role, you define your destiny. [Sony Online Entertainment]",85.99,https://sandbox.oxylabs.io/products/283,9
284,Full Throttle,Adventure; General,4,"You're Ben--beaten, framed for murder and left for dead on the roadside. You've got a lump on your back and a feeling in your gut that the road you're on is about to get a lot rougher. Full Throttle features an amazingly simple interface and fast-paced action. Brilliant graphics and animation provide a strong cartoon feel, while the voice acting is powerful and cinematic. Players find themselves racing to the finish to help Ben find the bad guys.",86.99,https://sandbox.oxylabs.io/products/284,9
285,Katamari Damacy,Action; General,4,"(Also known as ""Katamari Damashii"" ) In Katamari Damacy, players take on the role of Prince of the Cosmos, whose father ­ the great King ­ managed to inadvertently knock the stars out of the sky. As the prince, a player's duty is to clean up the King's mess and re-create the starry skies by rolling around the cleverly designed locations to collect objects and build up their 'katamari' -- a Japanese word for clump or large mass. The catch is that it's not the quality or the actual number of objects gathered that is most critical to the player's success, but instead the sheer size of the player's 'katamari' that is most important. Along the way, players can roll over hundreds of unusual objects of all sizes and shapes including cookies, cars, mermaids, planes, clouds and even people. The larger the player's 'katamari' grows, the more objects the player can amass along the way -- thus proving if you want to succeed in Katamari Damacy -- size does matter. Katamari Damacy features a single-player story mode and a two-player battle mode. The simple game play mechanics allow for optimal ball rolling and object collecting fun. [Namco]",88.99,https://sandbox.oxylabs.io/products/285,9
286,The Lord of the Rings Online: Shadows of Angmar,Role-Playing; Massively Multiplayer Online; Massively Multiplayer; Fantasy,4,"The only massively-multiplayer role-playing game set in J.R.R. Tokien's Middle-earth. Travel with your Fellowship in the fight against the forces of Sauron. Across the wide lands of Middle-earth, the Free Peoples must face the threatening Shadow growing in the East. All of Mordor is stirring as Sauron dispatches the NazgÃ»l to hunt for the Ring. The rumor of war brings forth many eager adventurers who will find their place among the great events of the Third Age. High deeds call to the willing, for their time is at hand. Hundreds of thousands of people will enter the perpetual world of Middle-earth for the very first time. Prepare yourself to choose a path amongst the likes of Elves, Dwarves, and Humans. Will you choose to fight for the things that bring peace to the land or will you add to the corruption of Middle-earth as the forces of Sauron move swiftly to extinguish all that is good? [Turbine]",80.99,https://sandbox.oxylabs.io/products/286,9
287,Grand Theft Auto: Vice City Stories,Action Adventure; Modern; Open-World,4,"Vice City, 1984. Opportunity abounds in a city emerging from the swamps, its growth fueled by the violent power struggle in a lucrative drugs trade. Construction is everywhere as a shining metropolis rises from foundations of crime and betrayal. As a soldier, Vic Vance always protected his dysfunctional family, his country, himself. One bad decision later and that job is about to get much harder. Kicked out onto the streets of a city between glamour and gluttony, Vic is faced with a stark choice - build an empire or be crushed. [Rockstar Games]",82.99,https://sandbox.oxylabs.io/products/287,9
288,Pony Island,Puzzle; General,4,"Pony Island is a suspense puzzle game in disguise. You are in limbo, trapped in a malevolent and malfunctioning arcade machine devised by the devil himself.",74.99,https://sandbox.oxylabs.io/products/288,9
289,"Warhammer 40,000: Dawn of War",Strategy; Real-Time; Sci-Fi; General,4,"Warhammer 40,000: Dawn of War is a science fiction real-time strategy (RTS) game set in the violent, post-apocalyptic universe of the 41st Millennium. Utilizing the exceptional game design skills of Relic Entertainment, Dawn of War provides an immersive entertainment experience of epic proportions. Command hardened troops, deadly vehicles and high tech weaponry with one goal in mind, the complete extermination of the opposition. Whether you lead Humanity's finest - the Space Marines, the diabolic and villainous traitors of man - the Chaos Space Marines, the brutal and savage beasts - the Orks, or the psychic and technologically advanced alien warriors - the Eldar, you control the action and the fate of your race! [THQ]",87.99,https://sandbox.oxylabs.io/products/289,10
290,MLB The Show 19,Sports; Team; Baseball; Sim,4,"MLB® The Show 19 brings you the best of baseball. Experience the ultimate duel: the 1v1 battle between hitter and pitcher to see who reigns supreme. Whether it be home runs, quick experiences, playing as legends, a full RPG experience or stiff Player vs Player competition; MLBTS 19 provides the perfect combination of authentic baseball experience mixed with video game fun.",76.99,https://sandbox.oxylabs.io/products/290,10
291,Tales From Space: Mutant Blobs Attack,Action; Platformer; 2D,4,"Tales from Space: Mutant Blobs Attack is a side-scrolling puzzle platformer about an ornery mutant blob that, after being held captive in a lab that can only be described as something out of a retro sci-fi movie from the early '50's, escapes into the world and sets out on a path to destroy and consume everything! A follow-up to last year's PlayStationÂ®Network title Tales from Space: About a Blob, Mutant Blobs Attack will contain a wide range of exciting new features and gameplay modes designed exclusively for the PlayStationÂ®Vita handheld entertainment system.",83.99,https://sandbox.oxylabs.io/products/291,10
292,Max Payne 3,Action; Shooter; Third-Person; Modern; Arcade,4,"The tragedies that took Max Payne's loved ones years ago are wounds that won't heal. No longer a police, nearly washed up and addicted to pain killers, Max takes a job in São Paulo, Brazil, protecting the family of wealthy real estate mogul Rodrigo Branco to finally escape his troubled past. But as events spin out of his control, Max finds himself alone on the streets of an unfamiliar city, desperately searching for the truth and fighting for a way out.",79.99,https://sandbox.oxylabs.io/products/292,10
293,Skate,Sports; Alternative; Individual; Skateboarding; Skate / Skateboard,4,"SKATE delivers the feel of skating through innovative controls, authentic cameras and a fully reactive skateboarding city. The game features professional skaters such as Danny Way and PJ Ladd, as well as a reactive city and relevant in-game cameras. SKATE's unique control scheme captures the true feel of skating versus the typical button mashing gameplay of past skating games. Featuring physics-driven animations, gamers will have a unique gaming experience every time they pick up the controller since no two tricks will ever be the same. [Electronic Arts]",84.99,https://sandbox.oxylabs.io/products/293,10
294,Warhammer Online: Age of Reckoning,Role-Playing; Massively Multiplayer Online; Massively Multiplayer; Fantasy,4,"It is a desperate time for the Emperor. A terrible Chaos Plague defiles his lands, ravaging the populace and weakening his armies. Meanwhile, the Dwarf holds in the nearby World's Edge Mountains have come under siege by a massive greenskin horde. Honor-bound by an ancient oath, the ruler of the greatest nation of men in the Old World has dispatched several regiments to assist the embattled Dwarfs, further depleting the Empire's already thin defenses. In this dark hour, a new threat appears. Under a sky darkened by a crimson eclipse, a great warhost erupts from the wastelands of the north. Bearing the banner of Tzeentch, Changer of the Ways, the army of Chaos marches south for the borders of the Empire, crushing everything in its path. With the Dwarfs fighting desperately to slow the ferocious greenskin ""Waaagh!"", the Emperor realizes that his only hope of defeating the encroaching legions of Chaos lies with the High Elves of Ulthuan. Upon receiving the Emperor's dire plea for help, Finubar, Phoenix King of the High Elves, sets sail at the head of a mighty fleet of warships laden with battalions of High Elf warriors. [Mythic Entertainment]",79.99,https://sandbox.oxylabs.io/products/294,10
295,NHL 12,Sports; Traditional; Team; Ice Hockey; Sim,4,NHL 12 has players try to become the next legend in hockey.,71.99,https://sandbox.oxylabs.io/products/295,10
296,Dead Space (2008),Action; Shooter; Third-Person; Sci-Fi; Arcade,4,"In the bold and often-bloody Dead Space gamers step into a third-person sci-fi survival horror experience that delivers psychological thrills and gruesome action. Set in the cold blackness of deep space, the atmosphere is soaked with a feeling of tension, dread and sheer terror. In Dead Space, players step into the role of engineer Isaac Clarke – an ordinary man on a seemingly routine mission to fix the communications systems aboard a deep space mining ship. It is not long before Isaac awakes to a living nightmare when he learns that the ship's crew has been ravaged by a vicious alien infestation. He must fight through the dead silence and darkness of deep space to stay alive. [Electronic Arts]",82.99,https://sandbox.oxylabs.io/products/296,10
297,Advance Wars: Days of Ruin,Strategy; Turn-Based; Modern; Tactics,4,"(Also known as ""Advance Wars: Dark Conflict"" in the UK/EU) After a cataclysmic meteor strike exterminates 90% of the population, the survivors must battle barbarians, disease, and strongmen who seek only to secure their own power. Advance Wars has been reinvented. Set amidst a world in chaos and featuring new characters and settings, a gritty look, an engaging storyline, and online Wi-Fi battles and map trading. Try you hand with new COs and units, realistic graphics, and a new environment. Use Nintendo WiFi Connection and battle against a friend halfway across the world, or use the map editor to create, trade and battle on your own custom maps. [Nintendo]",87.99,https://sandbox.oxylabs.io/products/297,10
298,The Elder Scrolls IV - Knights of the Nine,Role-Playing; First-Person; Western-Style,4,"Knights of the Nine is a compilation that includes all the other Oblivion downloadable content released to date: Horse Armor, The Orrery, Wizard’s Tower, Vile Lair, Thieves Den, Mehrunes' Razor, and Spell Tomes. Knights of the Nine features an all-new faction and quests for noble characters and answers many of the questions surrounding the Ayleid ruins found throughout Oblivion. Players can join a new faction and found their own order of holy knights – leading them into battle against a sorcerer-king and his demonic minions while exploring massive dungeons and searching for legendary relics – the holy armor and weapons of the Divine Crusader. [Bethesda Softworks]",75.99,https://sandbox.oxylabs.io/products/298,10
299,Final Fantasy IV Pixel Remaster,Role-Playing; Japanese-Style,4,"FINAL FANTASY IV delivers one of the richest and most powerful stories in the series. It's filled with characters and scenarios that fans continue to love to this day. It focuses on the dark knight Cecil, who finds himself stripped of his position and rank when he questions his king's increasingly troubling orders. When he's sent on a simple delivery mission with his friend Kain, the shocking events that follow send him and a group of allies on an incredible journey of betrayal, love and redemption. This is the first game to feature the Active Time Battle (ATB) system, which combines turn-based and real-time elements to create fast-paced and strategic combat.",73.99,https://sandbox.oxylabs.io/products/299,10
300,Forza Horizon 2,Driving; Racing; Simulation; GT / Street; Automobile,4,"Race through a wide-open world featuring dramatic weather and day to night cycles. Connect with friends in this celebration of speed, style, and action-packed driving. Explore exotic locations in more than 200 of the world’s greatest cars.",83.99,https://sandbox.oxylabs.io/products/300,10
301,Monster Train,Strategy; Turn-Based; Card Battle,4,"Monster Train is a strategic roguelike deck building game with a twist. Set on a train to hell, you’ll use tactical decision making to defend multiple vertical battlegrounds. With real time competitive multiplayer and endless replayability, Monster Train is always on time.",83.99,https://sandbox.oxylabs.io/products/301,10
302,Crypt of the NecroDancer: Nintendo Switch Edition,Role-Playing; General; Action RPG,4,"Crypt of the NecroDancer is a hardcore rhythm-based roguelike game. Can you survive this deadly dungeon of dance, slay the NecroDancer, and recapture your still beating heart? Or will you be a slave to the rhythm for all eternity? Players must move on the beat to navigate procedurally generated dungeons while battling dancing skeletons, zombies, dragons, and more! Groove with the game's epic dance soundtrack, or select songs from your own MP3 collection! You can even play with a dance pad to really shake your bones!",72.99,https://sandbox.oxylabs.io/products/302,10
303,Moto Racer Advance,Driving; Racing; Motorcycle; Street,4,None,86.99,https://sandbox.oxylabs.io/products/303,10
304,Command & Conquer: Red Alert 2 - Yuri's Revenge,Strategy; Real-Time; Sci-Fi; Command,4,"This Red Alert 2 Expansion Pack finds Yuri ready for world domination in a post-peace treaty, free world. Refining his mind-control technologies, he's created an army of terrors, from mind-controlling tanks to long-range psychics, whose brains are their biggest weapons. Play as Allies or Soviets, and take on Yuri in Hollywood, Egypt -- even the moon -- in 14 new solo campaign missions. [Westwood Studios]",89.99,https://sandbox.oxylabs.io/products/304,10
305,Europa Universalis,Strategy; General,4,"In a time of hunger for power, honor, and wealth, it is your destiny to rule your country, accept new challenges, mobilize troops, build cities, and exploit your resources. The skilled will gain wealth; the less fortunate can expect poverty and disease. Do you have what it takes to change the course of history? [Strategy First]",76.99,https://sandbox.oxylabs.io/products/305,10
306,IL-2 Sturmovik: 1946,Simulation; Flight; WWII; Combat,4,"Oleg Maddox's Il-2 Sturmovik series of flight simulators continues to expand. The latest offering, Il-2 1946, adds 36 new planes, four new gigantic maps, over a hundred new ground objects, and nearly 200 new campaign missions. This new opus also includes all of the previous Il-2 series content. What began as a one-aircraft study sim is now an astonishing anthology, with a whopping 229 flyable aircraft and over 300 aircraft total! Not to mention that players will have the opportunity to get a first glance at the future of the series arriving next year: Storm of War Battle of Britain via exclusive bonus videos.",87.99,https://sandbox.oxylabs.io/products/306,10
307,Luigi's Mansion 3,Action Adventure; General,4,"Luigi embarks on a dream vacation with Mario and friends upon receiving an invitation to a luxurious hotel. However, his dream quickly becomes a nightmare when King Boo reveals everything had been a ploy to capture Mario and friends. With the assistance of Professor E. Gadd once again, the reluctant and cowardly hero Luigi traverses up and down treacherous floors of the now-ominous hotel on a quest to save them. Wield the upgraded Poltergust G-00 to slam and blow away the ghosts’ defenses, or summon Gooigi, an all-green doppelganger that can help Luigi overcome obstacles he can’t get past alone. Interchange between Luigi and Gooigi as one player, or grab a friend and control one each. For more frenetic multiplayer action, race the timer to clear various objectives on a series of floors in ScareScraper mode. ScareScraper mode can be played online* or locally with up to eight players on four Nintendo Switch systems (additional games required; sold separately).",85.99,https://sandbox.oxylabs.io/products/307,10
308,Dance Central 3,Dancing; Action; Miscellaneous; Rhythm,4,"Includes a soundtrack featuring forty plus new tracks, from the disco hits of the seventies to current top 40 dance hits.",79.99,https://sandbox.oxylabs.io/products/308,10
309,Shatter,Action; General,4,"[Playstation Network] Shatter reminds players of classic brick-breaking games, but with twists that make it modern and unique including: Innovative controls, physics effects, power-ups, special attacks, and boss battles which combine to provide an experience that is always interactive. Standard, Boss Rush and Bonus game modes enhanced with leaderboards and trophies. Vibrant 3D style presented across 10 distinct worlds in 4xAA 60fps HD. A fully scored soundtrack featuring more than 90 minutes of rich original music. [Sidhe]",76.99,https://sandbox.oxylabs.io/products/309,10
310,Luigi's Mansion: Dark Moon,Action Adventure; Fantasy; General,4,"(Also known as ""Luigi's Mansion 2"" in the UK/EU) Luigi is back on a mission to remove a bunch of stubborn ghosts from some spooky mansions. Armed with his trusty Poltergust ghost-sucking vacuum cleaner, Mario's brother takes center stage to capture these pesky phantoms.",84.99,https://sandbox.oxylabs.io/products/310,10
311,Psychonauts,Action; Platformer; 3D,4,"Psychonauts is a wildly surreal action adventure game where personal paranormal powers are unlocked in order to plunge into the minds of bizarre characters. Journey deep into these crazy worlds of infinite possibility to thwart the secret plan of an evil madman and realize the ultimate dream of joining an elite force of psychic superheroes, the Psychonauts. Delve into people's minds as Raz, a powerful young cadet at psychic summer camp. While working on his levitation merit badge, Raz discovers that someone is kidnapping psychic children and stealing their brains. In order to foil this evil plot and earn the title of Psychonaut, Raz must project himself into the minds of one bizarre character after another to battle their nightmares and mental demons. He does all this while continuing to earn his psychic merit badges in Telekinesis, Clairvoyance, Pyrokinesis and more.",86.99,https://sandbox.oxylabs.io/products/311,10
312,Dragon Quest XI: Echoes of an Elusive Age,Role-Playing; Japanese-Style,4,"DRAGON QUEST XI: Echoes of an Elusive Age tells a captivating tale of a hunted hero and is the long-awaited role-playing game from series creator Yuji Horii, character designer Akira Toriyama and composer Koichi Sugiyama. While it is the eleventh mainline entry in the critically acclaimed series, DRAGON QUEST XI is a completely standalone experience that features entirely new characters, a beautifully detailed world, finely tuned turn-based combat, and an immersive story that promises to appeal to longtime fans and franchise newcomers alike.",86.99,https://sandbox.oxylabs.io/products/312,10
313,F-Zero: Maximum Velocity,Driving; Racing; Futuristic,4,"All galactic speed limits are about to be broken! F-Zero® Maximum Velocity has arrived, and the future of racing has never looked so sweet. Brand-new vehicles and Game Boy Advance original tracks await, so whether you're a Super NES® veteran or a race rookies, you'll need some practice laps. And even if you do master the Grand Prix circuit, you'll still have to beat your friends to the finish line. That's right, race fans--with the Game Boy Advance Game Link® cable you can take on up to three rival racers, so put the pedal to the metal and get busy boosting, bumping and jumping your way to intergalactic glory!",78.99,https://sandbox.oxylabs.io/products/313,10
314,Destiny: The Taken King,Action; Shooter; First-Person; Arcade,4,"To battle the Darkness and the Taken army, players get brand new subclasses with new supers. Warlocks now harness the power of an electric storm, Hunters carve a bow formed from gravitational void energy, and Titans summon a flaming hammer that can sear their adversaries from a range or deliver a devastating melee impact.",62.99,https://sandbox.oxylabs.io/products/314,10
315,Heroes of the Storm,Action; Strategy; Real-Time; General; MOBA,4,"This free-to-play online team brawler assembles a diverse cast of characters from Blizzard’s far-flung realms of science fiction and fantasy, including the Warcraft, StarCraft, and Diablo universes, and challenges them to compete in epic, adrenaline-charged battles. Heroes of the Storm solicits players to customize heroes to suit their style and then team up with friends for some all-out mayhem. The game features an array of gameplay modes for players of every skill level, including Cooperative, in which players team up against computer-controlled opponents, and Quick Match, an accessible way to jump in and play versus others. Experienced players can also join forces against other teams of players in highly competitive, draft-style ranked play. [Blizzard]",63.99,https://sandbox.oxylabs.io/products/315,10
316,The Binding of Isaac: Afterbirth +,"Action; Shooter; ""Shoot-Em-Up""; Top-Down",4,"The latest expansion to The Binding of Isaac: Rebirth features: 55+ new items, new final chapter with boss and ending, new playable character, greed hard mode, daily greed runs, 5 new challenges, loads of new achievements, new bosses and other little editions, plus new dev tools! so you can design, edit and play and endless number of mods, features and whole new games that the community will no doubt eventually design.",83.99,https://sandbox.oxylabs.io/products/316,10
317,Super Smash Bros. for Nintendo 3DS,Fighting; 3D; 2D; Action,4,"Return to a world of exciting battles with Super Smash Bros. as you fight your way through a host of fan-favorite opponents. Make your way through memorable stages inspired by the most notorious classic Nintendo games. Challenge a myriad of familiar faces to battle, including Mario, Link, Samus and Pikachu, or take on new contenders, such as Mega Man, Little Mac and Palutena, the Goddess of Light from the Kid Icarus games. Leap into battle as your own personalized Mii characters. Dive into a thrilling new mode, exclusive to the Nintendo 3DS, Smash Run. Fight solo through a battlefield of enemies, and snatch up their dropped powerups before the clock runs out — and the real battle begins. Customize your fighter for when you're playing locally or online. Experience all the stunning beauty of the Super Smash Bros. world rendered in immersive 3D. Challenge family and friends locally or online, or seek out new competition from around the globe in online For Fun or For Glory matches.",85.99,https://sandbox.oxylabs.io/products/317,10
318,Medieval II: Total War Kingdoms,Strategy; Real-Time; Historic; General,4,"Medieval II: Total War Kingdoms is the official expansion to Medieval II: Total War, presenting players with all-new territories to explore, troops to command, and enemies to conquer. Kingdoms features four new entire campaigns centered on expanded maps of the British Isles, Teutonic Northern Europe, the Middle East, and the Americas. In Medieval II, players were only given a glimpse of South America, but in Kingdoms, vast tracts of land in both North and South America have been opened up for players to conquer. All-new factions from the New World are also now fully playable, including the Aztecs, Apaches, and Mayans. Along with the new maps in the Britannia, Teutonic, Crusades, and New World Campaigns, there are 13 new factions to play, over 110 units to control, and 50 building types, adding up to 80 hours of new gameplay. Kingdoms also offers new multiplayer maps and hotseat multiplayer, a first for the Total War series, allowing players to play one-versus-one campaign games on the same computer. [Sega]",88.99,https://sandbox.oxylabs.io/products/318,10
319,DJMax Respect,Action; Rhythm; Music,4,Meet the legend of music game again on PlayStation 4. Enjoy variety of legendary DJMAX classics and also new songs at 'DJMAX RESPECT'.,80.99,https://sandbox.oxylabs.io/products/319,10
320,Resogun: Defenders,"Action; Shooter; ""Shoot-Em-Up""; Horizontal",4,"The expansion features two new game modes — Protector and Commando — new ships, and all new planets.",72.99,https://sandbox.oxylabs.io/products/320,10
